Fe,Mn,Ni,Co,Cr,V,Al,D1,D2,D8,D10,D15,D16,D19,D21,SFE
0.202865714,0.025391378,0.365390642,0.296459966,0.054368812,0.03207734,0.023446148,-1.329041122,0.309953679,737.5726312,25.28154144,201.2186388,196.6484077,5.592469023,0.008799356,26.63179136
0.035201282,0.015630241,0.72472103,0.141415938,0.030501083,0.008102075,0.044428351,1.100699989,2.067335825,730.6222703,25.70454466,253.0492287,168.0854549,3.678665719,0.007628942,134.4017734
0.227772892,0.014223766,0.531015073,0.100751057,0.063309817,0.0124716,0.050455796,-0.671742775,1.019289745,730.492817,25.45599607,188.7018405,193.0851723,6.754084123,0.009168268,70.89705653
0.085646457,0.014145748,0.427234286,0.330437288,0.075738034,0.034579185,0.032219001,-0.27568365,0.726304823,732.1945022,25.2728366,226.0803039,187.6729655,5.552094741,0.009406383,14.21169229
0.575419142,0.039981163,0.238784553,0.051484033,0.028441536,0.030001878,0.035887695,-4.035375246,-0.650371199,741.4149818,25.28182267,99.80656962,226.581065,6.184354634,0.008482417,94.06671497
0.432579555,0.008088662,0.368856606,0.066830208,0.052774487,0.042640421,0.028230061,-2.577411882,-0.08475629,736.8597752,25.32958472,128.730466,216.344656,7.063266325,0.00771178,86.21437169
0.469955181,0.025624175,0.239586514,0.152835294,0.047606917,0.039406701,0.024985218,-3.382388214,-0.588322104,740.6975645,25.20842445,124.0146658,221.5462114,5.686593524,0.008082394,58.58994087
0.117748226,0.022803838,0.334115989,0.404400035,0.062361731,0.032364649,0.026205533,-0.92686659,0.357742445,736.8387162,25.19785156,223.7574846,190.457014,5.040944142,0.008988191,-11.79869057
0.246177103,0.021847528,0.169421006,0.436356272,0.10722257,0.01520065,0.003774871,-2.367190352,-0.609391035,742.1465127,24.96529302,185.9901456,212.3589599,3.551895959,0.007726289,-63.85173721
0.176802946,0.012324461,0.368017854,0.134126388,0.253783267,0.032606163,0.022338921,-0.580231007,-0.117452403,716.7274212,24.95913315,158.8673733,226.8976955,7.11580456,0.01289783,0.516495352
0.155801306,0.013864742,0.429266688,0.182158175,0.134735198,0.044619621,0.039554272,-0.439920625,0.475986467,723.52334,25.2042108,187.0160771,203.7977227,7.016817208,0.011881828,29.80339552
0.205905343,0.025616751,0.495901013,0.149217775,0.04680422,0.031296743,0.045258155,-0.727441241,0.887229627,731.4376621,25.4506365,196.6753512,191.5990038,6.563669083,0.010100928,61.94716061
0.052117034,0.015029174,0.068070104,0.724747285,0.076483833,0.032077726,0.031474844,-1.570618985,-0.404458882,740.7843829,24.79626712,241.2940221,189.7444096,2.774872937,0.008318745,-129.640332
0.048492714,0.015519237,0.543224396,0.282199039,0.041601644,0.010390484,0.058572487,0.382771552,1.490475849,730.8529846,25.44751147,245.5619669,172.4288777,4.850709091,0.008879078,67.515626
0.112913522,0.002697177,0.68612548,0.040955763,0.077557373,0.056820954,0.022929732,0.661659921,1.415411271,725.7809864,25.60547114,208.8263772,189.0465583,6.318629806,0.009622114,94.63970199
0.693824838,0.030036667,0.130880216,0.095937894,0.02798149,0.013657233,0.007681661,-5.332038442,-1.332665835,751.6044898,25.17813122,75.20930629,239.4712043,3.471501629,0.005153712,-224.2638935
0.24737736,0.015952118,0.244113741,0.220761223,0.212306795,0.037958976,0.021529787,-1.612339421,-0.579463568,723.6268196,24.88790708,149.007142,228.7510198,5.837103373,0.011562765,-32.86201639
0.520309319,0.027837701,0.135176451,0.158611283,0.130221279,0.013127992,0.014715975,-3.98170268,-1.207308558,739.0153789,24.97073003,99.65931928,240.0810863,3.999749105,0.008154178,-93.25162075
0.092253993,0.016022745,0.345046883,0.312503368,0.196504812,0.02911092,0.008557278,-0.432414881,0.025104304,725.9865215,25.00329077,201.7892279,211.4486964,5.627631691,0.011497732,-16.97978455
0.15485776,0.01705369,0.610339408,0.127642221,0.045249991,0.030097926,0.014759003,-0.107820354,1.191633784,734.9097604,25.5917585,215.5980922,187.7142933,5.674755144,0.007667678,81.83223148
0.154710106,0.015237893,0.485335837,0.227474204,0.050419595,0.021136965,0.045685401,-0.478036997,0.975698904,732.6693491,25.39927952,212.5052901,186.355284,5.975568235,0.008850372,54.0141149
0.069191842,0.021852751,0.059650311,0.641933684,0.183159224,0.022760602,0.001451586,-1.57022331,-0.874195767,735.7661995,24.65774836,219.1420264,211.6322915,2.03183028,0.009946181,-172.5497969
0.303680105,0.025902752,0.340058815,0.130894077,0.149316444,0.035622643,0.014525164,-1.774524153,-0.250293882,729.3890996,25.14290712,149.5919922,222.9594041,6.436805241,0.010892783,19.36857551
0.052693524,0.017162377,0.503376074,0.137521252,0.251326436,0.026218519,0.011701818,0.613916298,0.516507648,716.0135132,25.11455163,198.2605274,214.3053767,6.958438349,0.013722095,34.90378712
0.061873722,0.016570123,0.658981158,0.066212987,0.152966102,0.016374254,0.027021655,0.966739093,1.37563209,721.2824041,25.45606809,217.3001279,194.2079245,6.205306249,0.01180432,91.55687041
0.340046755,0.018559403,0.43624303,0.11325525,0.02374892,0.036845925,0.031300718,-1.86046001,0.40666124,737.8371863,25.44624985,164.1283963,202.0657274,6.808127202,0.007913802,74.64164783
0.220441161,0.001317009,0.437418658,0.047598981,0.227126863,0.052231741,0.013865587,-0.603722646,-0.005572086,717.9427793,25.09296564,146.8268397,227.3696829,7.670602851,0.01211794,21.46683784
0.028030413,0.01230379,0.366399224,0.438949343,0.077466018,0.04315286,0.033698352,-0.158223863,0.607907432,732.1752049,25.17108105,240.5594704,184.1809769,5.094577692,0.009656834,-7.31970744
0.357797874,0.011656179,0.066981963,0.447579398,0.08623231,0.014552433,0.015199842,-3.430104284,-1.025405151,745.4447986,24.87488706,156.739441,218.5351608,2.732831134,0.006258688,-26.89003898
0.464134624,0.022390011,0.302540232,0.075078263,0.063227012,0.045172271,0.027457586,-3.014341663,-0.407826313,736.5952259,25.25932986,118.7457079,222.8266596,6.617121863,0.008825324,107.3531
0.083158975,0.022860837,0.284851335,0.41317676,0.138922543,0.03179847,0.02523108,-0.714431893,0.067459836,729.9214253,25.00920307,216.1902413,200.8289745,5.166700736,0.011153959,-25.47169
0.171697812,0.028858627,0.439527386,0.180348734,0.096431243,0.043966049,0.039170148,-0.619250779,0.565164662,726.9309094,25.30243054,193.3774143,199.442305,6.773423726,0.011962435,39.9666
0.200270633,0.012735615,0.169446713,0.478007735,0.097772237,0.025870359,0.015896709,-2.034758559,-0.459267325,740.0727271,24.94585599,195.6859578,205.9539844,3.898758008,0.007833866,-70.37501
0.069149225,0.024815925,0.398875393,0.293083875,0.159813354,0.039889343,0.014372885,-0.137392018,0.330696281,726.0052311,25.13215184,213.7510778,203.3330335,5.86640933,0.012139198,16.77727
0.030328106,0.023376584,0.283583841,0.547625971,0.065279104,0.030246913,0.019559481,-0.660272352,0.308042906,738.941685,25.10619265,251.1754148,184.3794745,4.038570342,0.008572645,-47.94857
0.071185334,0.018785099,0.418480986,0.376560117,0.054795874,0.032597357,0.027595232,-0.321144217,0.750211834,735.4821095,25.29806732,237.4120944,183.5559805,5.051060815,0.008683468,21.61942
0.110252919,0.011568327,0.016325549,0.733742307,0.074132839,0.043077504,0.010900555,-2.194398545,-0.829178035,745.0725726,24.75821974,225.9939046,198.0830296,1.606450166,0.007114871,-146.64508
0.35103238,0.02750127,0.205947377,0.280019279,0.107199938,0.024381211,0.003918546,-2.803718699,-0.708414601,740.2428514,25.0535803,152.8900673,222.2338012,4.345935576,0.008435789,4.61517
0.254403093,0.013892386,0.366303723,0.136133243,0.156490018,0.044849546,0.027927992,-1.260891353,-0.033599415,724.958876,25.12634748,155.7279828,218.2498472,7.03301866,0.011351919,17.36993
0.028041556,0.028256307,0.101784207,0.67968748,0.131363803,0.015144609,0.015722038,-1.266056171,-0.430414852,738.2139642,24.77815193,243.3640405,197.0201588,2.684149804,0.009699963,-153.20215
0.296202361,0.014000002,0.178410483,0.398596355,0.059447545,0.029337831,0.024005422,-2.615800979,-0.473841627,742.2679653,25.04115355,174.5112915,207.5550672,4.402645286,0.007207826,1.35555
0.098502848,0.014780546,0.531657144,0.046045155,0.251058939,0.038021494,0.019933874,0.537354882,0.541907228,712.7841079,25.15812938,179.5903698,218.0148257,7.767944117,0.014222517,39.63244
0.154352652,0.026464834,0.223374159,0.346669612,0.215471581,0.016243326,0.017423836,-1.237175265,-0.451194414,726.2502296,24.84435211,183.4552215,220.3562144,4.999504251,0.011837878,-56.7754
0.513389504,0.003501605,0.245712093,0.143245018,0.029368299,0.039071999,0.025711481,-3.635422181,-0.584534236,743.4640011,25.22312284,113.3139282,221.0909583,5.805804544,0.005806861,134.02272
0.313925995,0.017216851,0.258268786,0.168297374,0.179012143,0.037459889,0.025818963,-2.016348865,-0.54618846,726.2315841,24.97548889,136.9205607,228.5401629,6.170518553,0.010970582,-13.90225
0.045295748,0.012569225,0.240692884,0.477017966,0.182878592,0.035433711,0.006111874,-0.623300055,-0.235275897,729.6879415,24.87090167,218.6217963,207.0840405,4.386018425,0.010716757,-77.29146
0.202865714,0.025391378,0.365390642,0.296459966,0.054368812,0.03207734,0.023446148,-1.329041122,0.309953679,737.5726312,25.28154144,201.2186388,196.6484077,5.592469023,0.008799356,10.2202
0.149949122,0.022680445,0.274299451,0.410165549,0.080462946,0.048883453,0.013559034,-1.32607218,-0.068320226,736.8637367,25.1116532,208.5667517,199.8442244,4.796779354,0.009402672,-27.37577
0.168495013,0.010417674,0.059385564,0.527824384,0.192196767,0.02815616,0.013524436,-2.034391311,-1.015380147,732.7032828,24.64978205,182.9703479,220.6591915,2.730625736,0.009681258,-135.87005
0.007229544,0.027796477,0.164107525,0.694154097,0.054838311,0.030791306,0.02108274,-1.045278218,-0.016731512,742.270649,24.96537538,262.0754633,182.3786859,3.01852384,0.008404424,-108.84736
0.103261933,0.028010424,0.29018623,0.538863924,0.013553766,0.019801307,0.006322417,-1.299019006,0.274323601,747.8666186,25.22809235,248.0815991,182.8488219,3.536705595,0.005688825,-29.65813
0.02529435,0.027496504,0.223392132,0.622837906,0.055418621,0.03864806,0.006912428,-0.952055987,0.038295939,742.6092347,25.05583225,256.3470233,185.3305139,3.265062469,0.008111919,-85.14733
0.585251719,0.031141104,0.133960775,0.089334817,0.12788355,0.018938927,0.013489108,-4.362872278,-1.350206336,738.877109,24.99841128,80.22478853,246.2775136,3.955834075,0.008143026,-170.15596
0.009633686,0.01442455,0.277378352,0.594288697,0.045795442,0.032380759,0.026098515,-0.576777493,0.409245487,740.0934955,25.10400459,259.3588274,178.4722658,3.874242995,0.00749738,-41.44194
0.217792138,0.01695154,0.26469491,0.253371554,0.178748961,0.046994622,0.021446274,-1.432809777,-0.405177542,725.6754127,24.95857659,163.2849693,221.0945862,5.874796037,0.011502741,-16.78988
0.091217163,0.014511506,0.337149196,0.441602307,0.058567105,0.025706482,0.031246241,-0.756213334,0.479974698,737.2847728,25.18339861,232.4136565,185.9320868,4.86833593,0.008102849,-4.46385
0.034255727,0.022671796,0.152504023,0.668995221,0.099740419,0.015263593,0.006569221,-1.222957703,-0.248019382,742.3464699,24.89051384,249.6805118,192.2599496,2.724862687,0.007918418,-127.44674
0.058793815,0.01547936,0.444382718,0.230357654,0.204670555,0.024277627,0.02203827,0.247216997,0.490521702,720.8109048,25.10075369,207.0589132,206.6446206,6.445649279,0.012583151,11.84055
0.363556977,0.023727073,0.140508239,0.217340829,0.212932097,0.039437096,0.002497689,-2.804058049,-1.256681424,729.2016011,24.81036536,120.0927313,243.0643587,3.770039525,0.010303955,-120.36637
0.205432247,0.011620113,0.115839067,0.565680681,0.049831384,0.032589395,0.019007113,-2.391308908,-0.532179483,745.2297171,24.94675823,204.0692147,199.4167151,3.206042494,0.006501417,-52.457
0.059221112,0.01481307,0.54818408,0.086432273,0.246173361,0.032629773,0.01254633,0.768557277,0.652573358,714.7819117,25.17910038,194.8976003,213.7530608,7.256607676,0.013862138,43.579
0.046321472,0.014740861,0.465495453,0.318867166,0.088405559,0.043710569,0.02245892,0.120758622,0.807800066,730.6182586,25.29943919,233.4254177,187.5312574,5.469424618,0.009908518,27.439
0.352766038,0.01241352,0.302436589,0.167426883,0.127321243,0.029837513,0.007798214,-2.30991759,-0.425123888,735.1784788,25.12494062,142.4635374,223.7042722,5.792519754,0.008577843,6.86
0.479664397,0.027415792,0.222482843,0.233761727,0.004206728,0.024339757,0.008128755,-3.756119494,-0.612038915,750.4376484,25.26549733,139.339641,215.9248216,4.537450674,0.005437808,99.667
0.252436918,0.015026348,0.458265323,0.01295407,0.204010504,0.031255519,0.026051317,-0.777352016,0.190268454,719.4865055,25.17549452,147.6354826,223.7510752,7.89761166,0.012366412,39.544
0.074726911,0.013722099,0.424770256,0.386787063,0.042407056,0.03359267,0.023993945,-0.361352678,0.773209587,737.4427087,25.32055487,239.1874703,181.9191629,4.886568651,0.00757547,7.667
0.349149656,0.032105798,0.338022017,0.147819321,0.062974216,0.041684858,0.028244134,-2.220318042,-0.071475371,735.3734691,25.2850929,153.8397673,212.1615053,6.499746086,0.009904314,62.544
0.096208843,0.014591655,0.347910994,0.462271711,0.032519084,0.015145701,0.031352012,-0.842398969,0.602706156,740.9782733,25.23695916,239.9965259,180.9869129,4.516520445,0.006603027,-15.333
0.080373639,0.029990098,0.286395158,0.402497276,0.157979276,0.017623237,0.025141317,-0.680163315,0.07043328,729.0923408,24.99111956,216.9076192,202.869253,5.148809891,0.011676146,-37.527
0.547092171,0.014426287,0.134543646,0.155595135,0.08764811,0.031775759,0.028918891,-4.132894956,-1.12052427,739.601371,25.0150279,93.16944731,234.919319,4.626053543,0.007412857,6.456
0.035336113,0.016513945,0.226093508,0.489783908,0.178767508,0.029720716,0.023784303,-0.57079034,-0.136035604,727.6724016,24.84984354,221.410513,203.6582598,4.684597356,0.011459458,-65.772
0.460595656,0.004565762,0.35951156,0.00149088,0.124383582,0.043042407,0.006410153,-2.670901991,-0.467966696,733.5370516,25.22627514,106.732782,232.896446,6.82968445,0.008276181,62.141
0.163696479,0.014588301,0.242312637,0.318544399,0.215922969,0.03329039,0.011644826,-1.184651336,-0.486042164,725.4822669,24.85845551,175.6094386,222.4477285,5.193773374,0.011410213,-48.018
0.390947304,0.026107739,0.301281186,0.081434133,0.137429895,0.03670963,0.026090113,-2.413786242,-0.443328836,729.5105943,25.12998339,125.0165336,228.2431399,6.672036058,0.010638741,19.369
0.189245896,0.013247673,0.223179968,0.477418512,0.049783464,0.041126655,0.005997833,-1.89891925,-0.250416372,744.0742537,25.09261801,207.7075364,198.5819129,3.940680645,0.006634302,-25.018
0.349875384,0.017248658,0.238761868,0.247088233,0.084969728,0.035738856,0.026317272,-2.578825976,-0.440226731,736.9670901,25.10155496,149.9614073,216.2054652,5.537119235,0.008656454,25.018
0.380451078,0.023269494,0.138460534,0.306504805,0.137126489,0.012115848,0.002071752,-3.200254169,-1.028988792,740.5231953,24.92331706,141.046574,229.6829581,3.410956439,0.007984862,-52.053
0.026740607,0.013307418,0.344447649,0.447788634,0.115038535,0.044134323,0.008542834,-0.252564993,0.29418299,733.0951401,25.10249518,236.5491945,193.260683,4.752185463,0.009616093,-33.491
0.159597775,0.008850129,0.266305896,0.440115035,0.08025932,0.043246536,0.001625309,-1.473126208,-0.157169815,740.4881458,25.09031268,208.1790143,200.7981442,4.32102139,0.007295959,-43.176
0.199747178,0.016207865,0.493929106,0.215262582,0.004878326,0.064884072,0.005090871,-0.9217905,0.658151154,740.0520157,25.52246018,206.1526784,190.5536298,5.737778678,0.007003295,40.755
0.341069654,0.015529637,0.199518645,0.17348881,0.234328257,0.030124076,0.00594092,-2.367576647,-1.018230524,726.2226662,24.83294506,121.7093897,242.2334893,4.839324497,0.010470221,-86.352
0.275484884,0.014099984,0.343005694,0.271510843,0.085842818,0.005554977,0.0045008,-1.896019719,0.003920602,741.719207,25.21879363,182.0176689,207.69863,5.21184536,0.006485266,6.86
0.197035518,0.018126121,0.401549822,0.257705708,0.057103124,0.046520734,0.021958973,-1.101885577,0.384948549,735.4275256,25.31413661,197.4239124,197.1047741,5.953156063,0.008950265,18.965
0.675937359,0.023611641,0.166803255,0.034859461,0.052366837,0.03049664,0.015924808,-4.921221591,-1.239355263,745.0338265,25.16998742,67.31032852,241.7268865,4.555958268,0.006409286,-136.387
0.119948719,0.027449934,0.186092613,0.524822036,0.084547529,0.047717077,0.009422091,-1.532363687,-0.340338057,739.0956625,24.99137707,219.0820368,199.6389855,3.718999004,0.009407709,-75.457
0.102900132,0.033230527,0.283902882,0.532388192,0.017084113,0.02238446,0.008109692,-1.302745348,0.245231364,746.7980142,25.22153604,246.9252622,183.7950549,3.61554029,0.006582392,-32.281
0.249536286,0.014602118,0.400844544,0.1560784,0.152762268,0.018696894,0.007479491,-1.266911524,0.057939639,731.1177445,25.18610056,168.5063458,216.545532,6.33453157,0.009605509,10.088
0.027867609,0.015756257,0.352771065,0.370049466,0.154405459,0.049035948,0.030114195,0.003648428,0.335551819,724.083952,25.04582394,221.4506893,198.1662134,5.816981138,0.012299296,-5.246
0.140361768,0.005133806,0.083358934,0.517765907,0.211449347,0.033927821,0.008002416,-1.724252166,-0.978800961,730.6216864,24.63959317,185.1235801,221.8000052,2.916747647,0.009906883,-115.001
0.254403093,0.013892386,0.366303723,0.136133243,0.156490018,0.044849546,0.027927992,-1.260891353,-0.033599415,724.958876,25.12634748,155.7279828,218.2498472,7.03301866,0.011351919,23.80721
0.202865714,0.025391378,0.365390642,0.296459966,0.054368812,0.03207734,0.023446148,-1.329041122,0.309953679,737.5726312,25.28154144,201.2186388,196.6484077,5.592469023,0.008799356,16.54399
0.030328106,0.023376584,0.283583841,0.547625971,0.065279104,0.030246913,0.019559481,-0.660272352,0.308042906,738.941685,25.10619265,251.1754148,184.3794745,4.038570342,0.008572645,-53.26358
0.248023982,0.011453225,0.48832582,0.151769452,0.029817041,0.02427364,0.046336839,-1.048968994,0.862963382,734.7109214,25.4563103,188.7945905,191.2137121,6.548895633,0.007933718,62.94787
0.056531289,0.013997349,0.364109494,0.427461175,0.088936661,0.043068112,0.005895919,-0.43534751,0.355942457,736.0766658,25.17866202,234.7820207,191.5113707,4.7180994,0.008610188,-23.4037
0.076199064,0.029571481,0.642181842,0.147779475,0.046649706,0.039611255,0.018007177,0.508216926,1.41919124,731.6768618,25.6252356,236.0314607,181.6194464,5.193608355,0.009661389,89.17615
0.223744039,0.012219722,0.527494894,0.053627052,0.105110068,0.04387579,0.033928434,-0.540588448,0.720793102,725.7433195,25.39756157,174.1302095,203.9680229,7.441060269,0.010848868,58.50924
0.508249602,0.015493889,0.2529149,0.136166335,0.047250004,0.015749806,0.024175464,-3.602670814,-0.53890575,743.6809488,25.22069978,118.1681777,222.248538,5.715537511,0.006300935,119.43955
0.500927338,0.012087996,0.168143498,0.161534379,0.127428539,0.021277737,0.008600512,-3.735140148,-1.108202918,739.4116975,24.9928214,102.8922064,237.9558956,4.285613724,0.007284262,-50.439
0.159597775,0.008850129,0.266305896,0.440115035,0.08025932,0.043246536,0.001625309,-1.473126208,-0.157169815,740.4881458,25.09031268,208.1790143,200.7981442,4.32102139,0.007295959,-43.57929
0.200270633,0.012735615,0.169446713,0.478007735,0.097772237,0.025870359,0.015896709,-2.034758559,-0.459267325,740.0727271,24.94585599,195.6859578,205.9539844,3.898758008,0.007833866,-60.5268
0.067106049,0.008242123,0.730597263,0.050296985,0.075587559,0.035487619,0.032682403,1.091267404,1.770707071,725.1736026,25.65282942,226.6615656,181.4874125,5.351020124,0.009640221,113.38687
0.307130443,0.032210579,0.230642676,0.310037306,0.090521874,0.021177613,0.008279508,-2.488795784,-0.473678762,740.7183515,25.10165773,170.0465014,214.736096,4.575899935,0.00862826,-4.84214
0.071185334,0.018785099,0.418480986,0.376560117,0.054795874,0.032597357,0.027595232,-0.321144217,0.750211834,735.4821095,25.29806732,237.4120944,183.5559805,5.051060815,0.008683468,14.52643
0.270538501,0.020484723,0.360193207,0.223578884,0.053183401,0.026993765,0.045027519,-1.647716213,0.319028417,734.7841715,25.27604757,178.6119551,199.7066143,6.440719197,0.009168007,48.82495
0.205060741,0.003505517,0.460426992,0.119136982,0.128050944,0.044688389,0.039130436,-0.606463109,0.509643765,724.1357791,25.25424575,172.7914882,206.1663184,7.402871428,0.010895306,41.56173
0.163546276,0.014853163,0.428293751,0.208312651,0.104177224,0.04270051,0.038116425,-0.590039253,0.529518815,727.2777799,25.25325986,193.1006329,199.4561847,6.684654268,0.010955301,24.61423
0.261814254,0.014486791,0.535163994,0.070864325,0.045990812,0.020886952,0.050792871,-0.878723147,0.989368351,731.3349585,25.49861441,180.6008885,193.8849778,6.98691804,0.008995014,77.87781
0.132225973,0.02782097,0.187775204,0.548079972,0.049553889,0.048195069,0.006348924,-1.711800769,-0.292130419,743.3378072,25.05218633,224.4799198,195.2661363,3.459146881,0.008190006,-56.08817
0.165652207,0.025893004,0.33610982,0.400168982,0.029227214,0.033624621,0.009324152,-1.372829779,0.252443389,743.2713135,25.27940508,220.8859167,191.1431789,4.603863593,0.007151546,-8.47375
0.253845935,0.035102637,0.136922796,0.415806086,0.124079449,0.025017103,0.009225994,-2.458846503,-0.777435111,738.4645038,24.91765431,177.7820238,217.2565609,3.516225205,0.009662406,-76.66728
0.414459565,0.022822075,0.420346947,0.019158799,0.064163034,0.024633933,0.034415646,-2.258158749,0.174867221,734.6030863,25.39059147,135.82313,214.4711651,7.442603588,0.009009814,85.54454
0.007229544,0.027796477,0.164107525,0.694154097,0.054838311,0.030791306,0.02108274,-1.045278218,-0.016731512,742.270649,24.96537538,262.0754633,182.3786859,3.01852384,0.008404424,-110.15877
0.217792138,0.01695154,0.26469491,0.253371554,0.178748961,0.046994622,0.021446274,-1.432809777,-0.405177542,725.6754127,24.95857659,163.2849693,221.0945862,5.874796037,0.011502741,-22.59667
0.464134624,0.022390011,0.302540232,0.075078263,0.063227012,0.045172271,0.027457586,-3.014341663,-0.407826313,736.5952259,25.25932986,118.7457079,222.8266596,6.617121863,0.008825324,98.05341
0.090367274,0.009117212,0.245352654,0.372027881,0.227387971,0.034358941,0.021388067,-0.660337901,-0.313548128,722.3617142,24.80926555,191.5989818,216.6260762,5.392377503,0.011984282,-36.71959
0.02529435,0.027496504,0.223392132,0.622837906,0.055418621,0.03864806,0.006912428,-0.952055987,0.038295939,742.6092347,25.05583225,256.3470233,185.3305139,3.265062469,0.008111919,-80.7024
0.035326524,0.012395883,0.337024252,0.500962107,0.070215628,0.029542197,0.014533408,-0.469524572,0.443189932,738.6460471,25.15623404,247.7890403,184.7885977,4.269383494,0.007539463,-36.31608
0.089275285,0.008778413,0.394700901,0.291627535,0.134718696,0.043375972,0.037523199,-0.206300714,0.476393657,724.9176757,25.13280701,207.1428947,198.1999256,6.332723427,0.01137296,12.91238
0.349149656,0.032105798,0.338022017,0.147819321,0.062974216,0.041684858,0.028244134,-2.220318042,-0.071475371,735.3734691,25.2850929,153.8397673,212.1615053,6.499746086,0.009904314,64.56192
0.133960569,0.006704698,0.534404007,0.065166715,0.213258167,0.039999225,0.006506619,0.182692001,0.497502729,719.4455026,25.22517913,179.501081,215.9661966,7.324377655,0.012184393,43.17578
0.070360406,0.014195424,0.521154029,0.220756849,0.064059458,0.058469087,0.051004746,0.316673225,1.131701715,725.1755204,25.39905637,222.2911525,183.2374278,6.248297728,0.011435394,61.33382
0.081395261,0.01612097,0.038193423,0.585717286,0.216169532,0.04296742,0.01943611,-1.48949683,-0.999885047,727.4881879,24.56663226,198.431973,218.1512481,2.717916209,0.011404481,-143.24676
0.085987709,0.014753648,0.458946467,0.224177596,0.137152717,0.043679157,0.035302707,0.068341097,0.672289348,723.2675894,25.22201441,207.6277197,197.9588258,6.578096856,0.012058116,33.4915
0.465728753,0.024145432,0.335792736,0.033794105,0.093719671,0.020696104,0.026123199,-2.868039662,-0.307850593,735.3943704,25.25828352,117.4196512,225.6810427,6.876292493,0.008911055,85.94805
0.110046072,0.026381236,0.539400217,0.237586361,0.044040673,0.033620119,0.008925321,-0.173906595,0.98954448,736.8778238,25.50575177,231.047026,185.871109,5.186002189,0.008173616,56.088
0.171697812,0.028858627,0.439527386,0.180348734,0.096431243,0.043966049,0.039170148,-0.619250779,0.565164662,726.9309094,25.30243054,193.3774143,199.442305,6.773423726,0.011962435,38.334
0.264453194,0.029782994,0.219803491,0.26345343,0.19179521,0.022250763,0.008460919,-1.987454321,-0.678339217,729.9483376,24.9192107,157.4064438,227.8537136,4.86560574,0.010970565,-59.72
0.014907832,0.018581264,0.423114335,0.39192532,0.08164856,0.033359162,0.036463527,0.145589363,0.852662398,730.6726624,25.24137784,245.4223546,182.1084558,5.139564331,0.010216507,19.772
0.135233539,0.002403456,0.619119136,0.062078985,0.103127659,0.043435965,0.034601259,0.354020734,1.200908951,723.9838938,25.47792148,198.3293273,193.8828484,6.830026931,0.010369847,81.106
0.267035397,0.036267111,0.275389911,0.328507466,0.039383541,0.035667322,0.017749251,-2.143179966,-0.119620591,741.5954365,25.22636004,188.4626342,202.5541796,5.012494558,0.008739358,18.158
0.522928765,0.032718878,0.23120007,0.074822681,0.102874579,0.020403856,0.015051171,-3.665526277,-0.850210491,738.6549065,25.14521485,102.8045331,235.2665976,5.416087878,0.008610249,-20.176
0.217521316,0.012498893,0.537888462,0.050518969,0.084271073,0.063143828,0.034157458,-0.472915744,0.759034772,725.5645027,25.44267303,175.7066279,201.4575249,7.513405062,0.011105529,64.158
0.009633686,0.01442455,0.277378352,0.594288697,0.045795442,0.032380759,0.026098515,-0.576777493,0.409245487,740.0934955,25.10400459,259.3588274,178.4722658,3.874242995,0.00749738,-48.825
0.115261498,0.00874684,0.266149753,0.474368336,0.086187353,0.042082839,0.00720338,-1.1765872,-0.055187564,738.8730616,25.06429861,218.9954825,197.1754056,4.326549262,0.007777102,-56.492
0.009478326,0.024302247,0.348753916,0.557256923,0.027051239,0.00620933,0.026948019,-0.408087582,0.771591101,742.7297889,25.23655222,270.9602877,172.5058347,3.597420026,0.006481851,-27.842
0.186571997,0.012539445,0.101974474,0.561565964,0.08225568,0.041433654,0.013658786,-2.250113019,-0.681824183,741.9976832,24.87991216,200.5699247,204.6560959,3.025196262,0.007679761,-84.334
0.135464693,0.009354794,0.465214206,0.110440585,0.227384915,0.032304267,0.01983654,-0.02765878,0.331776194,717.8324945,25.1097012,176.3924319,217.5515073,7.323283502,0.012722952,29.86
0.053516234,0.017020502,0.457905479,0.221321725,0.21363205,0.001007175,0.035596836,0.364780701,0.673975832,719.5232105,25.09515729,210.1545396,204.1931469,6.51324631,0.012753438,25.825
0.485482341,0.024273967,0.36173837,0.019156128,0.056585682,0.019418686,0.033344827,-2.951207939,-0.121072599,737.6367251,25.34937198,119.3762421,220.086037,7.169243186,0.008286946,111.773
0.055121407,0.012511066,0.448102547,0.268928838,0.139931247,0.043788044,0.031616851,0.194542734,0.664592078,723.9156167,25.19334816,216.55392,196.0905966,6.262189607,0.011807273,25.421
0.078443174,0.01926452,0.383442255,0.409659128,0.069552951,0.030531661,0.00910631,-0.559766948,0.481833318,738.3145221,25.24416462,236.1663065,188.8373586,4.671414503,0.007993391,-8.877
0.106824639,0.007697795,0.252549083,0.402218271,0.174139575,0.034433568,0.02213707,-0.874806919,-0.185576126,727.8688131,24.90085964,199.3697694,209.0113447,5.193992927,0.01069653,-48.421
0.222595384,0.029732021,0.363752298,0.299840532,0.020909965,0.029772812,0.033396988,-1.508734753,0.413184283,739.4943184,25.33582878,202.8535421,191.8968753,5.606924496,0.008462618,40.351
0.111072795,0.032989237,0.251786064,0.311059228,0.274908035,0.010972022,0.00721262,-0.767388589,-0.47025086,721.2715631,24.79453515,185.2499638,226.8670014,5.113575101,0.013129525,-58.913
0.04024438,0.014700158,0.520662046,0.246582303,0.138076249,0.003410383,0.036324483,0.492749176,1.087439868,725.8591291,25.28241618,230.6405795,189.608991,5.6824597,0.010672125,49.228
0.417439783,0.033830687,0.175975283,0.251668681,0.086865027,0.021974722,0.012245817,-3.341562051,-0.825914543,741.7343144,25.06929827,138.5491134,224.4648599,4.30503672,0.008368042,-27.842
0.090348444,0.026061017,0.466033155,0.337417141,0.034503829,0.03710615,0.008530263,-0.382981084,0.79184332,739.2754592,25.41887587,239.2012333,183.8853364,4.798096373,0.007759171,25.018
0.347520188,0.028493586,0.065361029,0.390307515,0.138821877,0.021260815,0.00823499,-3.258949454,-1.210805122,739.6212162,24.82091805,148.1750541,228.4882843,2.559557272,0.008722589,-109.755
0.12548006,0.028004244,0.384338993,0.324646369,0.094331497,0.028236877,0.01496196,-0.741973466,0.376379878,734.5323102,25.23164034,216.7698091,196.7783956,5.347438969,0.009846145,0.404
0.042993849,0.018641303,0.361632208,0.37416382,0.133541213,0.032068896,0.036958711,-0.120200644,0.478979257,726.6338437,25.09170182,225.5923285,193.9255621,5.681934719,0.011615478,-4.035
0.37598325,0.023299169,0.270568663,0.224512641,0.058866689,0.028580383,0.018189205,-2.737673898,-0.348223209,741.0965942,25.20312747,152.3260306,214.2503692,5.464385713,0.007800541,52.86
0.405000035,0.013849748,0.275561215,0.10504813,0.129713161,0.033011831,0.037815881,-2.563277893,-0.4478415,729.7575147,25.08654612,120.6669361,226.4694475,6.759970243,0.009827801,52.05305
0.154842836,0.021300605,0.252558946,0.452098682,0.074245506,0.033872628,0.011080797,-1.510324876,-0.10208676,740.205368,25.09210091,213.2854578,198.4399377,4.331568513,0.008228159,-38.33364
0.032288076,0.000803503,0.123745471,0.734533863,0.048872827,0.034549202,0.025207059,-1.316493079,-0.153429024,743.9025669,24.88678223,252.1324559,182.7447921,2.885796871,0.006048429,-127.50979
0.314734456,0.018766853,0.433983712,0.116783374,0.064519859,0.018727234,0.032484512,-1.645621849,0.408812251,735.2123363,25.37235167,166.3026626,204.9463248,6.80611367,0.008546032,68.19352
0.483147178,0.029451546,0.29170175,0.08006387,0.04923755,0.039336321,0.027061786,-3.233093115,-0.432816185,738.7986323,25.28217398,119.1068521,222.2390299,6.411965156,0.008672661,43.57929
0.114356693,0.0070209,0.5087537,0.266555285,0.010160145,0.039047786,0.054105491,-0.171198775,1.223373955,733.2197446,25.46241943,226.6174188,176.0403834,5.568291753,0.008009376,58.91276
0.219118513,0.013879323,0.414123463,0.185135999,0.12532258,0.002114393,0.040305729,-0.998438581,0.468809203,729.5372522,25.21295917,182.2540792,204.3525985,6.640809661,0.009796068,25.82477
0.16171226,0.012267619,0.52121771,0.03876068,0.195738193,0.041267219,0.02903632,0.023994192,0.571978925,717.1951296,25.23759577,171.8855899,213.846613,7.824323651,0.013047814,52.86007
0.58365246,0.018613911,0.120106644,0.1951854,0.023732473,0.041117746,0.017591367,-4.6242384,-1.177965909,747.7538308,25.11711349,98.2584898,229.9108514,3.823512476,0.005894087,27.0353
0.205060741,0.003505517,0.460426992,0.119136982,0.128050944,0.044688389,0.039130436,-0.606463109,0.509643765,724.1357791,25.25424575,172.7914882,206.1663184,7.402871428,0.010895306,41.56174
0.134239582,0.008338211,0.432407391,0.163581582,0.216093522,0.044521563,0.00081815,-0.248723516,0.103073859,721.9926297,25.09472978,180.0592029,218.9290939,6.638208666,0.011866662,10.0878
0.016506159,0.013268661,0.423718139,0.359915574,0.134743047,0.041836546,0.010011874,0.191584563,0.543958742,729.0929999,25.17175038,234.0517693,194.1645286,5.313292178,0.010487817,5.64917
0.163696479,0.014588301,0.242312637,0.318544399,0.215922969,0.03329039,0.011644826,-1.184651336,-0.486042164,725.4822669,24.85845551,175.6094386,222.4477285,5.193773374,0.011410213,-47.2109
0.250904523,0.01627364,0.405775362,0.219523843,0.026748467,0.044829651,0.035944515,-1.418010992,0.463834804,736.4123809,25.36998334,186.6668164,195.1644735,6.335591613,0.008422683,47.61442
0.003584758,0.009795423,0.686472043,0.179994813,0.048597561,0.044045855,0.027509547,1.192664121,1.74676993,728.9117916,25.62318473,251.2488473,173.30239,4.503759421,0.008661186,117.42199
0.508249602,0.015493889,0.2529149,0.136166335,0.047250004,0.015749806,0.024175464,-3.602670814,-0.53890575,743.6809488,25.22069978,118.1681777,222.248538,5.715537511,0.006300935,116.21145
0.114697092,0.016392577,0.602034218,0.123707544,0.093540944,0.030204556,0.01942307,0.253250204,1.147501369,728.9914167,25.49269767,214.7298514,191.7822725,6.039335513,0.009744821,73.84269
0.186898725,0.018463598,0.614649572,0.102924395,0.017381312,0.037032254,0.022650145,-0.301528492,1.239936196,735.6091369,25.64685063,209.7754501,185.7571295,5.846468006,0.007575776,77.07079
0.169080004,0.021740933,0.521088417,0.162079932,0.060794727,0.014470984,0.050745004,-0.382505691,1.089940217,730.2754066,25.44055835,206.8320327,188.1018581,6.259265716,0.009863628,62.54436
0.103261933,0.028010424,0.29018623,0.538863924,0.013553766,0.019801307,0.006322417,-1.299019006,0.274323601,747.8666186,25.22809235,248.0815991,182.8488219,3.536705595,0.005688825,-37.93013
0.127352627,0.003622367,0.427614244,0.192629532,0.157491508,0.043775143,0.047514579,-0.169739491,0.52239831,720.1337728,25.13916936,187.5097828,203.6856975,7.219173131,0.012094558,28.64935
0.019993498,0.007172335,0.681354122,0.095227241,0.143173125,0.024326082,0.028753597,1.310171916,1.540592947,720.9434579,25.47293767,228.2328503,188.5825025,5.766810594,0.01119123,98.86044
0.2073876,0.013474476,0.38740833,0.221877315,0.080635962,0.049384687,0.03983163,-1.053169308,0.361798564,729.8669557,25.24614437,184.2719633,200.3569934,6.655950324,0.010288534,29.45638
0.216977482,0.008116927,0.392817993,0.141780149,0.211161442,0.027724173,0.001421834,-0.942714431,-0.110921016,725.3574485,25.07310918,161.9188906,224.5122852,6.489068153,0.010754805,-3.228
0.622481204,0.029665874,0.157477233,0.089843039,0.050334879,0.022474343,0.027723428,-4.626381654,-1.077737295,743.8168368,25.14607463,84.19491117,235.1954802,4.840088851,0.007146256,21.386
0.137888733,0.018571179,0.346467335,0.326161037,0.080261769,0.051161037,0.039488911,-0.8243039,0.342188972,730.3636641,25.18066103,205.3742895,195.1245252,6.011902106,0.010726841,4.035
0.156611653,0.003388286,0.463421684,0.096659813,0.190178834,0.053016327,0.036723403,-0.124946918,0.417203985,716.8189012,25.15251345,169.9818285,213.0766981,7.800556463,0.012766325,39.544
0.235088167,0.010049164,0.411002727,0.131650625,0.117033612,0.057003971,0.038171734,-0.995578961,0.270662864,725.0795444,25.22715068,164.8692044,209.1840146,7.368663841,0.011248067,40.755
0.09589669,0.012213292,0.033978624,0.738679847,0.05597797,0.032085017,0.031168559,-2.021743347,-0.54748706,744.0516176,24.79180157,233.6750524,190.6045679,2.397744029,0.007250714,-123.878
0.251710365,0.01711277,0.515364772,0.117886968,0.023981492,0.046700576,0.027243057,-1.017432797,0.775261491,735.5085536,25.52350845,186.8749446,194.3156257,6.590231354,0.008288949,69.001
0.031625632,0.014024473,0.653653834,0.041832478,0.190745064,0.040895478,0.027223041,1.294245746,1.248630385,714.6695813,25.38191251,210.1157934,199.8231389,6.948563615,0.013838514,78.685
0.316358977,0.014671466,0.313532342,0.205875294,0.104256902,0.034172737,0.011132281,-2.096262391,-0.261465333,736.1410842,25.16485949,157.0661093,216.6323425,5.790139536,0.008572118,20.983
0.413404489,0.014847376,0.417941504,0.006647159,0.126333784,0.002316903,0.018508785,-2.20678014,-0.002613066,733.670351,25.28924211,129.1105568,224.0039706,7.191411647,0.008482077,57.702
0.113868986,0.025683568,0.534690501,0.215937704,0.030647815,0.030408303,0.048763122,-0.068775325,1.245098815,731.5307501,25.49559493,226.6774237,179.7591903,5.638291603,0.009844184,53.264
0.518978242,0.013888016,0.167544764,0.209128332,0.03444553,0.034503501,0.021511615,-4.017428729,-0.883168457,745.5719856,25.13320878,114.539847,224.0719352,4.62439928,0.006094544,123.878
0.164281364,0.028346746,0.245702615,0.473819247,0.02387528,0.039007574,0.024967174,-1.666143857,0.042250336,742.3939571,25.16432546,219.681955,190.4197725,4.412145782,0.008112085,-22.193
0.176886465,0.012899495,0.55731622,0.040158691,0.15024479,0.033572953,0.028921386,-0.067356321,0.79703667,722.1127506,25.35756355,180.2273928,206.5212136,7.427516482,0.011744297,59.316
0.179097619,0.005006471,0.453568158,0.199025036,0.07211894,0.043828946,0.04735483,-0.611007804,0.719610252,728.778934,25.31866918,193.0010332,193.8456078,6.755629276,0.009742961,46.807
0.362139789,0.019534779,0.329897309,0.20062107,0.026585384,0.040919367,0.020302302,-2.461817584,-0.071321257,741.5800468,25.31884309,159.3859245,207.490627,5.95083909,0.007342169,54.071
0.073386253,0.014714563,0.34391611,0.338789052,0.144749946,0.047072223,0.037371853,-0.292236547,0.296646124,724.3563286,25.05633785,209.6620254,199.791796,6.104660204,0.012072965,-5.649
0.062383209,0.00670024,0.541646251,0.275923109,0.020299031,0.035872542,0.057175617,0.300793178,1.430188348,731.0542572,25.47173879,239.1969769,172.0411861,5.17050153,0.008443424,66.983
0.115675347,0.013282977,0.417608318,0.220856604,0.168630636,0.030901209,0.033044908,-0.223611871,0.431858497,722.7847586,25.12783511,195.4880363,205.4584371,6.676530619,0.011973149,22.193
0.133344946,0.013925466,0.463222854,0.331087054,0.015587812,0.001584268,0.041247598,-0.616290768,1.059795107,739.8933915,25.41510954,233.4958822,177.6779176,4.874634159,0.005975178,36.72
0.129461791,0.000711911,0.264814794,0.437140176,0.101531714,0.042804181,0.023535433,-1.13046373,-0.023567689,734.5646539,25.02202722,207.0570236,199.0321686,4.998151848,0.008488751,-43.176
0.078517694,0.01680852,0.626303055,0.136303504,0.067405528,0.047166081,0.027495619,0.567590151,1.35220612,727.80785,25.550073,225.379148,184.5562967,5.789456096,0.010193671,82.316
0.061442956,0.014078819,0.486227973,0.175203907,0.196053321,0.038980503,0.028012521,0.446739097,0.636475011,718.1255342,25.16465804,202.6353654,205.4610949,6.921875883,0.013221859,37.93
0.102939261,0.014970514,0.671511301,0.079391744,0.049212791,0.04602835,0.03594604,0.600084467,1.55660337,727.4197199,25.63551826,220.6265186,182.0421191,5.774725704,0.00988796,97.65
0.76443208,0.017599174,0.149537403,0.00097085,0.022467548,0.027141434,0.01785151,-5.582676551,-1.359382661,749.1102719,25.20842892,48.82207137,244.0995155,4.305486429,0.00490112,-315.143
0.226688074,0.008405518,0.300630632,0.1774252,0.219636242,0.044165832,0.023048502,-1.208167863,-0.377895024,720.8464478,24.93256764,149.8105452,227.3397132,6.563916522,0.011828852,-8.877
0.350009081,0.028376837,0.405967012,0.071519785,0.064203482,0.048559754,0.031364049,-1.905550007,0.149029905,732.4972941,25.36505742,149.5903867,211.5836238,7.224498285,0.010317285,63.755
0.098407274,0.021597584,0.580422513,0.181198776,0.059725268,0.014825111,0.043823474,0.234169418,1.375523446,730.0928255,25.50206835,228.1990618,181.519218,5.487314248,0.00958888,72.229
0.415061532,0.013952784,0.283457987,0.138587891,0.063204139,0.055359496,0.030376171,-2.761471372,-0.391518441,735.6535817,25.20644706,129.2200009,218.8848904,6.440111202,0.008757845,70.211
0.205060741,0.003505517,0.460426992,0.119136982,0.128050944,0.044688389,0.039130436,-0.606463109,0.509643765,724.1357791,25.25424575,172.7914882,206.1663184,7.402871428,0.010895306,42.36876
0.164281364,0.028346746,0.245702615,0.473819247,0.02387528,0.039007574,0.024967174,-1.666143857,0.042250336,742.3939571,25.16432546,219.681955,190.4197725,4.412145782,0.008112085,-14.52643
0.254403093,0.013892386,0.366303723,0.136133243,0.156490018,0.044849546,0.027927992,-1.260891353,-0.033599415,724.958876,25.12634748,155.7279828,218.2498472,7.03301866,0.011351919,20.57911
0.16171226,0.012267619,0.52121771,0.03876068,0.195738193,0.041267219,0.02903632,0.023994192,0.571978925,717.1951296,25.23759577,171.8855899,213.846613,7.824323651,0.013047814,52.05305
0.178707553,0.0150872,0.385739779,0.327111166,0.046798227,0.023929545,0.022626532,-1.14175391,0.465603081,739.3478034,25.29632447,211.1514154,191.8227686,5.329943372,0.007235506,13.3159
0.177589199,0.026975799,0.425357384,0.25769317,0.024324496,0.036445425,0.051614528,-0.877534747,0.779662983,733.6534988,25.38289414,208.9545178,186.2099454,6.10448496,0.009865445,42.36876
0.200270633,0.012735615,0.169446713,0.478007735,0.097772237,0.025870359,0.015896709,-2.034758559,-0.459267325,740.0727271,24.94585599,195.6859578,205.9539844,3.898758008,0.007833866,-58.10573
0.336719021,0.023758279,0.361880935,0.156577287,0.047680377,0.036925265,0.036458836,-2.058367216,0.135165702,735.8140242,25.317395,159.7959428,206.5342055,6.680918556,0.009145948,58.10573
0.21530391,0.009134319,0.271940706,0.281968229,0.158988246,0.03874889,0.0239157,-1.446759753,-0.284432356,728.4138092,24.98285867,169.6897064,216.1444774,5.816207317,0.010418237,-19.36858
0.721745019,0.027377142,0.146496631,0.034171363,0.022988089,0.032470263,0.014751495,-5.358939561,-1.333728186,748.5975764,25.20794883,61.39885542,241.6865267,4.12732163,0.005784346,-209.42271
0.070360406,0.014195424,0.521154029,0.220756849,0.064059458,0.058469087,0.051004746,0.316673225,1.131701715,725.1755204,25.39905637,222.2911525,183.2374278,6.248297728,0.011435394,58.10573
0.163546276,0.014853163,0.428293751,0.208312651,0.104177224,0.04270051,0.038116425,-0.590039253,0.529518815,727.2777799,25.25325986,193.1006329,199.4561847,6.684654268,0.010955301,27.84233
0.089275285,0.008778413,0.394700901,0.291627535,0.134718696,0.043375972,0.037523199,-0.206300714,0.476393657,724.9176757,25.13280701,207.1428947,198.1999256,6.332723427,0.01137296,12.10536
0.149989207,0.017179429,0.431817917,0.168537799,0.188446134,0.029968403,0.014061111,-0.403800983,0.25742127,723.8019097,25.14402017,184.5825274,213.6157898,6.661276075,0.011848467,19.36858
0.441143345,0.038896027,0.312439896,0.059385764,0.02730957,0.084543557,0.036281841,-2.81996705,-0.324551934,733.5408857,25.3425798,123.6105756,218.0083509,7.114591354,0.010969313,54.47412
0.581013341,0.004213218,0.100845456,0.182960053,0.064590326,0.038883253,0.027494353,-4.51289077,-1.262417317,742.8589458,25.00222915,86.58418493,234.8255304,4.028530113,0.006108935,-13.3159
0.009548304,0.015089652,0.108175539,0.750062034,0.055907831,0.021157162,0.040059478,-1.205465307,-0.060238666,741.5955178,24.86034545,259.621598,180.1840922,3.017838655,0.007775701,-125.89575
0.219118513,0.013879323,0.414123463,0.185135999,0.12532258,0.002114393,0.040305729,-0.998438581,0.468809203,729.5372522,25.21295917,182.2540792,204.3525985,6.640809661,0.009796068,29.05286
0.083158975,0.022860837,0.284851335,0.41317676,0.138922543,0.03179847,0.02523108,-0.714431893,0.067459836,729.9214253,25.00920307,216.1902413,200.8289745,5.166700736,0.011153959,-42.36876
0.491772726,0.027134942,0.258139001,0.087282801,0.059249621,0.04167522,0.03474569,-3.346658989,-0.544534048,736.9608105,25.21826061,112.2813241,224.4555107,6.405481237,0.008984143,89.57966
0.366772233,0.015243108,0.444575122,0.023368777,0.089730691,0.038828425,0.021481644,-1.82813646,0.164048071,732.3278889,25.36724181,141.0283033,216.2672073,7.395692564,0.009262545,60.5268
0.203191363,0.01358087,0.530868959,0.100925395,0.071799765,0.057384312,0.022249337,-0.528571966,0.738535792,729.800659,25.45614754,186.9043948,198.9597875,6.89451837,0.009932786,62.94787
0.270538501,0.020484723,0.360193207,0.223578884,0.053183401,0.026993765,0.045027519,-1.647716213,0.319028417,734.7841715,25.27604757,178.6119551,199.7066143,6.440719197,0.009168007,49.63198
0.037250972,0.001795465,0.399147186,0.399092231,0.095308119,0.039915176,0.027490851,-0.052247569,0.636006674,731.4563019,25.17729466,234.0051093,187.3218169,5.280373173,0.008927273,6.05268
0.114697092,0.016392577,0.602034218,0.123707544,0.093540944,0.030204556,0.01942307,0.253250204,1.147501369,728.9914167,25.49269767,214.7298514,191.7822725,6.039335513,0.009744821,73.8427
0.086156584,0.004486203,0.135458079,0.615551969,0.075127928,0.060065951,0.023153286,-1.452313039,-0.368155866,738.3431903,24.88809451,223.6894178,194.3174123,3.587758653,0.008342165,-87.15859
0.085987709,0.014753648,0.458946467,0.224177596,0.137152717,0.043679157,0.035302707,0.068341097,0.672289348,723.2675894,25.22201441,207.6277197,197.9588258,6.578096856,0.012058116,35.10554
0.146602881,0.012177601,0.583528349,0.035295279,0.166596089,0.027224235,0.028575565,0.245856489,0.917162325,720.4701967,25.35651707,186.4667133,205.6258181,7.331607974,0.012039352,67.79001
0.513389504,0.003501605,0.245712093,0.143245018,0.029368299,0.039071999,0.025711481,-3.635422181,-0.584534236,743.4640011,25.22312284,113.3139282,221.0909583,5.805804544,0.005806861,134.36949
0.371774345,0.014698229,0.422187549,0.016256125,0.115095326,0.039745966,0.02024246,-1.878807676,0.009455242,730.2829858,25.30160959,133.5905151,221.4119337,7.438821206,0.009788571,49.632
0.03409765,0.018009161,0.559836419,0.169389449,0.186361183,0.023278596,0.009027542,0.744216057,0.887568363,722.4172508,25.28239994,220.2003016,201.1326005,6.178432001,0.012074435,48.421
0.112908097,0.006207956,0.391282159,0.370520094,0.051058749,0.015180544,0.052842401,-0.593646776,0.803286725,734.4367096,25.24507566,225.1591417,182.3783072,5.451567739,0.007945092,16.948
0.127352627,0.003622367,0.427614244,0.192629532,0.157491508,0.043775143,0.047514579,-0.169739491,0.52239831,720.1337728,25.13916936,187.5097828,203.6856975,7.219173131,0.012094558,27.842
0.090871787,0.025778001,0.735281361,0.064394521,0.009635711,0.043201583,0.030837036,0.774798241,1.858262326,730.941237,25.79315868,235.8196298,174.3137106,4.71518139,0.008960872,124.685
0.083836018,0.016640431,0.104688852,0.705470894,0.027263302,0.0292672,0.032833302,-1.747658892,-0.205443929,745.2788285,24.92853875,244.2064131,183.5871404,2.965868722,0.00683328,-87.159
0.514814135,0.018799461,0.16434502,0.169964305,0.0826791,0.042740595,0.006657384,-3.922854099,-1.11885572,742.05588,25.07255294,105.0755806,234.1922842,4.149202367,0.007312786,-18.158
0.065455112,0.006801228,0.518711124,0.079956876,0.260891771,0.045847883,0.022336006,0.742705652,0.529665188,711.0068896,25.10400837,183.6629015,216.920962,7.753283963,0.014287244,43.579
0.211796955,0.013914213,0.189692904,0.500920228,0.027670219,0.04260153,0.013403951,-2.19225155,-0.310034425,745.7342276,25.08572364,205.2334866,196.8065318,3.80660563,0.006303574,-16.948
0.084321723,0.026645817,0.509007828,0.297702341,0.010348204,0.034115879,0.037858207,-0.107387293,1.186059157,735.7963717,25.49214978,241.7418968,175.5767614,4.988201523,0.008611427,48.421
0.047170426,0.014827007,0.481167872,0.304184571,0.080981878,0.015198937,0.056469308,0.251574948,1.164744201,727.9507305,25.30807536,236.1709773,180.3063376,5.509644391,0.010270873,46
0.098407274,0.021597584,0.580422513,0.181198776,0.059725268,0.014825111,0.043823474,0.234169418,1.375523446,730.0928255,25.50206835,228.1990618,181.519218,5.487314248,0.00958888,76.264
0.579441775,0.006826355,0.234621847,0.064595744,0.036849796,0.049142802,0.028521682,-4.004950702,-0.775217871,741.2968173,25.22160704,89.3961419,229.1181087,6.042628845,0.006604179,148.896
0.41022835,0.048272363,0.296616243,0.149280951,0.03039087,0.041587671,0.023623551,-2.876924029,-0.276867502,740.1281662,25.3254765,146.9945952,214.030383,6.000672592,0.009740274,75.053
0.031625632,0.014024473,0.653653834,0.041832478,0.190745064,0.040895478,0.027223041,1.294245746,1.248630385,714.6695813,25.38191251,210.1157934,199.8231389,6.948563615,0.013838514,81.106
0.009478326,0.024302247,0.348753916,0.557256923,0.027051239,0.00620933,0.026948019,-0.408087582,0.771591101,742.7297889,25.23655222,270.9602877,172.5058347,3.597420026,0.006481851,-30.263
0.148725148,0.016356413,0.490796022,0.111406433,0.189252533,0.029798762,0.013664689,-0.152685714,0.452212103,722.4649307,25.21808926,184.0227978,212.7953596,6.990475045,0.01202389,38.737
0.076895945,0.011421866,0.408326483,0.2626016,0.169754923,0.041073205,0.029925977,-0.022399312,0.419912671,722.3355606,25.10254536,204.3439187,203.4172768,6.460537152,0.01216141,12.105
0.250904523,0.01627364,0.405775362,0.219523843,0.026748467,0.044829651,0.035944515,-1.418010992,0.463834804,736.4123809,25.36998334,186.6668164,195.1644735,6.335591613,0.008422683,42.369
0.035539325,0.022528631,0.655980822,0.142980498,0.053425918,0.035626198,0.053918608,0.990279122,1.750684655,724.7132272,25.58830239,239.807891,174.6463946,5.130778815,0.011263142,105.317
0.20749906,0.02094547,0.529168532,0.152792493,0.047292888,0.035411557,0.00689,-0.768725505,0.756884941,737.3816395,25.51005484,201.1620899,195.3133437,5.96197528,0.007772861,52.053
0.227721045,0.007200377,0.476143114,0.08778752,0.144023429,0.017976538,0.039147977,-0.697140156,0.562155706,724.8626289,25.26037665,169.6169314,208.500262,7.39249357,0.01059316,47.211
0.271028629,0.010617316,0.523973363,0.021777831,0.041560469,0.111732109,0.019310281,-0.910342559,0.483507729,728.0687076,25.51564627,160.1120648,204.8937579,7.80324421,0.010804644,69.001
0.171697812,0.028858627,0.439527386,0.180348734,0.096431243,0.043966049,0.039170148,-0.619250779,0.565164662,726.9309094,25.30243054,193.3774143,199.442305,6.773423726,0.011962435,37.527
0.316358977,0.014671466,0.313532342,0.205875294,0.104256902,0.034172737,0.011132281,-2.096262391,-0.261465333,736.1410842,25.16485949,157.0661093,216.6323425,5.790139536,0.008572118,16.948
0.04024438,0.014700158,0.520662046,0.246582303,0.138076249,0.003410383,0.036324483,0.492749176,1.087439868,725.8591291,25.28241618,230.6405795,189.608991,5.6824597,0.010672125,50.843
0.374139881,0.016759135,0.142410316,0.391186115,0.024288848,0.048509455,0.00270625,-3.373371193,-0.835652744,748.7274051,25.089308,159.7924522,213.0757986,3.330280168,0.005836591,64.158
0.327552709,0.013939985,0.399071285,0.080038038,0.120475058,0.02418327,0.034739657,-1.671564774,0.133619564,729.2356664,25.23883041,146.960838,215.8668474,7.30554608,0.00997663,38.737
0.29914932,0.036719599,0.435644052,0.120785588,0.024842938,0.0353908,0.047467703,-1.567719054,0.565712271,734.0673411,25.44895551,175.1413877,197.7820189,6.939374968,0.010321345,88.369
0.223744039,0.012219722,0.527494894,0.053627052,0.105110068,0.04387579,0.033928434,-0.540588448,0.720793102,725.7433195,25.39756157,174.1302095,203.9680229,7.441060269,0.010848868,59.316
0.275762632,0.026981251,0.260049573,0.31538722,0.055501384,0.042367326,0.023950615,-2.15362637,-0.203978,738.7708661,25.1678794,178.2569424,205.713001,5.288372223,0.008991894,20.579
0.538842642,0.057533478,0.252545417,0.032530019,0.051436988,0.040289324,0.026822132,-3.736803593,-0.689295416,738.3206433,25.28704222,105.4689495,229.6192419,6.118222033,0.010316136,59.316
0.435214672,0.014360136,0.252786062,0.131956701,0.104074257,0.042862627,0.018745544,-2.973799823,-0.65933591,735.4951134,25.11765404,119.2972453,228.001066,5.832409218,0.008645495,29.053
0.246366675,0.014751396,0.502569037,0.053816502,0.045063081,0.106409554,0.031023755,-0.807007721,0.531817631,726.4013541,25.47380893,166.4563555,202.1575549,7.776746041,0.011558759,67.847
0.121282177,0.011770315,0.551848987,0.070038864,0.154192986,0.063789219,0.027077452,0.310777303,0.76695663,718.7761792,25.33028678,187.722681,205.030907,7.501138581,0.012947689,61.548
0.01113381,0.012954912,0.692363621,0.007362021,0.206765897,0.022404583,0.047015156,1.66871603,1.549814757,710.4532441,25.38672774,212.9088619,196.4939814,6.816741653,0.014607803,75.217
0.020349674,0.001356993,0.547455886,0.188438096,0.135542125,0.042504285,0.064352941,0.958367694,1.271772929,716.6333752,25.28215852,219.650521,186.9346554,6.647468604,0.012762275,64.789
0.065455112,0.006801228,0.518711124,0.079956876,0.260891771,0.045847883,0.022336006,0.742705652,0.529665188,711.0068896,25.10400837,183.6629015,216.920962,7.753283963,0.014287244,40.282
0.074850837,0.009019493,0.665893845,0.07556496,0.073620093,0.079043734,0.022007038,0.831595972,1.349383146,724.0585839,25.5859165,216.0527429,187.6081781,6.366485224,0.011056083,86.213
0.012531985,0.005810081,0.391536811,0.217836028,0.312511999,0.036597236,0.02317586,0.655576819,0.112244354,709.211793,24.84245878,190.4572799,221.6311035,7.049199454,0.014500269,0.479
0.096816913,0.009624014,0.458052096,0.18732668,0.143214802,0.068333786,0.036631708,0.093546089,0.57013751,719.9378265,25.20898097,195.5757985,201.6723686,7.13110535,0.012792009,47.356
0.016605994,0.003104879,0.78537659,0.005711248,0.085924701,0.058913859,0.044362729,1.759128155,2.019004053,718.1998617,25.68101538,229.2268955,178.5317245,5.322498227,0.011590015,132.667
0.057851144,0.011734705,0.606098532,0.023935165,0.224418381,0.056048192,0.019913881,1.049793385,0.873378379,711.989124,25.27991441,191.8716266,210.3323153,7.713290437,0.014496402,52.387
0.018579317,0.011040144,0.521952179,0.139341916,0.255232856,0.032278724,0.021574863,0.967919378,0.673708036,712.8836058,25.10810551,202.9679134,210.885374,7.151987337,0.01418572,43.579
0.033775342,0.009534733,0.61967136,0.086337819,0.163659342,0.064166598,0.022854806,1.105366032,1.102765588,716.8218728,25.37722223,210.6178759,198.2076406,6.956137772,0.013301193,72.229
0.081246735,0.006518557,0.450330864,0.206580382,0.177772034,0.069613709,0.00793772,0.119304579,0.317315816,721.6119555,25.15512267,196.4473932,208.9554198,6.647992151,0.01221412,24.211
0.027092775,0.006791126,0.51707824,0.077788047,0.324058162,0.023978865,0.023212786,1.089655379,0.513142589,706.4087177,24.99289921,185.2312054,222.0462765,7.835481453,0.015015912,37.527
0.028202834,0.005620912,0.538354015,0.188547867,0.154735871,0.063745666,0.020792836,0.769565287,0.855809937,720.2560499,25.2785475,215.572731,197.3431399,6.608113568,0.012332391,51.65
0.112070524,0.002072783,0.536026008,0.104927941,0.146866717,0.069871031,0.028164997,0.307973051,0.742110823,719.4661773,25.30335217,189.5692572,203.1458356,7.404664525,0.012252058,53.667
0.031753155,0.002174748,0.375813498,0.230336039,0.305710427,0.043626599,0.010585533,0.420650914,-0.052204395,712.039418,24.84079132,186.7497009,224.1146444,6.675641708,0.013757693,-0.807
0.085282199,0.009785471,0.698269225,0.054882977,0.03157362,0.105514124,0.014692385,0.813379969,1.414810801,726.252468,25.70238841,217.147151,184.1498172,6.268393025,0.010532958,106.124
0.006532084,0.002526126,0.427887019,0.234258556,0.284229827,0.035028215,0.009538174,0.691330105,0.238319746,714.2002459,24.93343712,201.2470555,216.9580038,6.619762365,0.013450678,11.702
0.080096969,0.016953376,0.607875225,0.073985247,0.135676726,0.062777574,0.022634883,0.696208798,1.046214138,720.0747079,25.42887869,205.2126194,198.1237655,6.965792522,0.012883448,74.65
0.112193839,0.007821875,0.338217393,0.17618427,0.305996099,0.051256735,0.008329789,-0.195009266,-0.363287256,712.3873075,24.82620723,162.5517332,233.0117547,6.659685225,0.013589218,-12.509
0.134022069,0.001811092,0.474088212,0.114323308,0.192829875,0.068686765,0.014238679,-0.010698727,0.306994523,718.7024662,25.16831859,175.5953557,214.8742369,7.39607188,0.012428926,32.281
0.313592956,0.015157919,0.458409203,0.017104626,0.061948125,0.102916198,0.030870973,-1.337832626,0.23225555,726.1492564,25.41159358,144.2234381,211.2970247,8.057506183,0.0115447,72.229
0.011192968,0.006622054,0.498588373,0.208470592,0.179311795,0.057705776,0.038108443,0.842713799,0.815409176,715.956151,25.17539368,213.6025115,198.26465,6.908465518,0.013562293,48.825
0.012776568,0.014406435,0.769286978,0.048275397,0.029662717,0.106534126,0.019057779,1.537774515,1.806483443,723.5416302,25.78024036,237.3329321,176.2675866,5.367510792,0.011351377,121.861
0.196901395,0.005783009,0.551230052,0.070224123,0.065233796,0.093630217,0.016997407,-0.353558297,0.695540057,727.3466174,25.48565788,180.4952385,200.277422,7.314163041,0.010455327,63.755
0.098502848,0.014780546,0.531657144,0.046045155,0.251058939,0.038021494,0.019933874,0.537354882,0.541907228,712.7841079,25.15812938,179.5903698,218.0148257,7.767944117,0.014222517,47.211
0.204901129,0.010057495,0.260482018,0.399296641,0.061368841,0.040643726,0.02325015,-1.716429691,-0.077683963,739.0274925,25.11324423,196.4152452,199.4499,4.976101772,0.007773651,-14.123
0.109461809,0.013468455,0.738839675,0.02901677,0.04390064,0.033549402,0.03176325,0.774277475,1.79562942,728.6319382,25.73197883,223.110747,180.0681981,5.236073283,0.008735881,120.65
0.246137361,0.014891166,0.548584192,0.043480577,0.088100764,0.029742968,0.029062972,-0.694125412,0.804550333,729.4497628,25.46272277,176.4247454,202.2469296,7.145200826,0.009717253,71.825
0.040392528,0.016721698,0.035211585,0.618133143,0.225633392,0.038746528,0.025161125,-1.221291355,-0.912021783,725.8433849,24.53330326,208.3141234,215.2092897,2.858945858,0.011859331,-136.387
0.099009905,0.017280512,0.496240867,0.252762497,0.065740764,0.042505923,0.026459532,-0.108573626,0.89525186,731.7397394,25.39050059,222.9662867,187.651058,5.753253091,0.009559398,47.211
0.209078867,0.025541039,0.111217898,0.539143907,0.067350295,0.027355182,0.020312811,-2.401654264,-0.58066713,743.1961075,24.93514088,201.4004413,202.8294341,3.258187154,0.008032352,-56.088
0.313226309,0.011257274,0.261773267,0.261616562,0.101561389,0.032233691,0.018331509,-2.265810929,-0.370665794,736.6729982,25.09104143,158.1492247,215.5733165,5.450535516,0.008313908,1.211
0.049414553,0.014533705,0.128593884,0.638257514,0.088658678,0.051190322,0.029351345,-1.231969261,-0.299034698,736.3766213,24.85831718,233.528408,192.5088398,3.593741392,0.009548045,-106.124
0.423354947,0.00183877,0.137770944,0.32879092,0.081720524,0.017294507,0.00922939,-3.541775372,-0.936233128,745.6329712,24.9824779,137.0577433,222.9717311,3.613797157,0.005290855,46.807
0.095502802,0.014872634,0.422751596,0.326312795,0.086217875,0.033116015,0.021226283,-0.378265274,0.607331735,733.3325208,25.26178589,223.1964303,191.362375,5.459824141,0.009130239,9.281
0.190531669,0.01370406,0.507165509,0.181990648,0.058968509,0.041769926,0.005869679,-0.709145838,0.664868193,736.4060293,25.44923317,201.2959747,196.3362226,5.964135283,0.007749671,41.158
0.21145474,0.014378083,0.224264063,0.406349204,0.095603865,0.01659915,0.031350895,-1.829972157,-0.173408852,737.1699058,25.01599041,192.031219,203.5613581,4.914874503,0.008462441,-29.86
0.232185701,0.024271545,0.311052685,0.206615077,0.177764046,0.037280007,0.010830938,-1.411048317,-0.312023754,727.4211845,25.04101489,164.0436726,222.1551855,5.953899909,0.011427479,-9.281
0.181741177,0.020236379,0.284325561,0.453976707,0.028352105,0.021792887,0.009575184,-1.704383316,0.094547676,746.0992094,25.20840617,219.606577,191.8293452,4.166656901,0.005883796,-16.544
0.020096753,0.013681686,0.353110246,0.448430069,0.104852762,0.014400849,0.045427634,-0.104866471,0.66867536,730.4677746,25.10249924,242.0820989,184.63042,5.091806207,0.009998094,-13.316
0.081470818,0.01547548,0.39925466,0.267785799,0.192109554,0.022875932,0.021027757,-0.114403011,0.328382079,723.5987936,25.06819213,204.6296977,207.189852,6.17266908,0.011921973,4.439
0.011096065,0.023944585,0.459304415,0.384112546,0.075805904,0.030582544,0.015153942,0.184136628,0.873379465,734.419918,25.31659847,252.7413083,182.4530019,4.669455879,0.009200581,19.369
0.031568673,0.021391577,0.100600874,0.71221422,0.058213768,0.050286538,0.02572435,-1.359447194,-0.308563677,740.7309773,24.8746125,248.1770486,186.8864713,2.917859918,0.008895028,-116.615
0.097691065,0.023721033,0.314237528,0.361515789,0.138126125,0.033541715,0.031166745,-0.647276353,0.169883952,728.0392664,25.05086259,210.2670739,201.1780808,5.645187969,0.011616398,-16.14
0.367370671,0.017172561,0.259523817,0.183829827,0.12923386,0.016403746,0.026465518,-2.513797917,-0.449804432,733.8550427,25.06526128,138.9307398,223.1382754,5.905144628,0.009103656,22.193
0.125202942,0.011229417,0.156358619,0.443375256,0.211476837,0.044465926,0.007891003,-1.316148055,-0.745555988,727.4897392,24.74016795,186.4292174,220.6556363,3.970895052,0.011035348,-86.755
0.245750691,0.018237968,0.282590818,0.303501085,0.089470644,0.035069885,0.025378909,-1.791635147,-0.12119703,735.4456049,25.1225239,179.2583812,207.1576846,5.571442223,0.009190326,-3.228
0.162885788,0.008024004,0.24738552,0.331463259,0.215821915,0.019511881,0.014907632,-1.171600705,-0.402163436,726.5681302,24.85177665,178.2257935,220.4483346,5.230776667,0.010685115,-48.421
0.060256744,0.017341539,0.573855116,0.077410838,0.21299068,0.032024676,0.026120407,0.833711221,0.896868006,715.2276721,25.25814519,200.2715385,206.6944899,7.229247486,0.013914612,58.913
0.083376279,0.01329779,0.252186958,0.580295844,0.024460548,0.041395135,0.004987447,-1.246244037,0.091968116,746.0515191,25.13725884,244.6489473,184.6764488,3.492322096,0.00569175,-60.123
0.243253562,0.018777495,0.146519914,0.465260665,0.069879107,0.033167123,0.023142136,-2.410825553,-0.528706487,741.3111078,24.97623097,187.5210538,205.6752536,3.938429584,0.008001817,-27.439
0.042738619,0.012855028,0.637487478,0.212803172,0.03679586,0.033518507,0.023801336,0.683107547,1.550492259,733.1031453,25.59471511,247.1292549,175.1322346,4.611220274,0.007588306,89.983
0.496119969,0.017591292,0.280455897,0.060764132,0.119668296,0.011786437,0.013613977,-3.272445515,-0.652213636,737.5040918,25.15332341,106.9322153,233.6250323,5.960393969,0.007888283,51.65
0.069101,0.219752,0.051382,0.500731,0.103434,0.046354,0.009247,-1.93963986,-0.847710082,731.9904344,25.06109084,251.5218695,209.6499924,2.055261058,0.020345867,49.228
0.039911,0.050822,0.54964,0.075741,0.192768,0.055146,0.035972,0.86449149,0.87039509,712.1464471,25.2975177,206.921759,204.543063,7.419694705,0.016878661,211.844
0.450117,0.223681,0.162803,0.063451,0.030438,0.048969,0.020541,-3.83349083,-0.93430146,735.5201453,25.4291158,153.862486,229.175163,4.444705219,0.018224159,-24.614
0.184747,0.293067,0.193663,0.196891,0.046029,0.075436,0.010167,-2.18423587,-0.57137083,728.5765293,25.4791864,229.426223,214.496161,4.150767439,0.022845181,109.755
0.291698,0.069758,0.322554,0.152531,0.090175,0.072175,0.001109,-1.96657208,-0.36010272,732.6906767,25.2827562,164.971176,218.998466,5.775808062,0.013201898,118.229
0.06973,0.156063,0.496233,0.119868,0.080747,0.059006,0.018353,-0.03535646,0.73423642,723.7596656,25.5738847,239.378446,196.705076,6.063427299,0.020532829,255.423
0.261622,0.46956,0.125845,0.078467,0.005101,0.054401,0.005005,-3.283919826,-0.903155087,730.3585302,25.74120976,242.7386173,223.02523,2.890307578,0.023393739,143.65
0.289075,0.175652,0.365569,0.072267,0.063759,0.03195,0.001727,-2.057209797,-0.081834672,734.2501867,25.53196123,193.3450993,215.5513456,5.647186952,0.01834424,156.966
0.223527,0.057965,0.505885,0.036848,0.036886,0.114811,0.024078,-0.74179825,0.51248137,725.643079,25.5533614,178.619671,202.298785,7.578025481,0.014626709,278.02
0.080498,0.115022,0.121678,0.558884,0.063926,0.055683,0.004309,-1.72392042,-0.5374745,739.0190506,25.0619577,244.420724,199.181484,2.680411081,0.01517147,76.667
0.057616,0.2784,0.351306,0.14642,0.099469,0.064446,0.002344,-0.696823913,0.048651321,722.1580899,25.54741655,254.4651185,208.9493141,5.194129505,0.024701062,211.844
0.208567,0.118116,0.184159,0.241121,0.141932,0.095328,0.010778,-1.851180089,-0.835858524,723.7889208,25.06931853,175.5114095,225.5711044,4.692932893,0.016790001,64.158
0.364554,0.04491,0.178217,0.268421,0.052722,0.073299,0.017877,-2.98089878,-0.7707231,738.1139275,25.125934,148.650653,218.463634,4.681199958,0.010498409,95.632
0.058262,0.174358,0.592719,0.051265,0.076374,0.036138,0.010885,0.303218847,1.101548878,725.0390206,25.73207117,251.987053,193.3025837,5.60312314,0.02131087,317.16
0.084932,0.463479,0.271259,0.065924,0.044513,0.067608,0.002285,-1.52469988,-0.24910374,721.6759276,25.8119551,279.319924,212.910218,4.363727078,0.02636991,303.845
0.085203,0.372057,0.07123,0.349678,0.041943,0.076129,0.00376,-2.23597367,-0.87280281,729.3509086,25.4186878,270.395066,211.322329,2.083538944,0.024085791,62.141
0.070105,0.077528,0.0817,0.492838,0.204416,0.059342,0.01407,-1.326532707,-0.923550464,724.2560456,24.73440163,207.016513,219.6014596,3.159673906,0.015175858,54.474
0.082309,0.054142,0.647993,0.067511,0.057054,0.058386,0.032605,0.61998091,1.41687638,724.6510653,25.6489912,226.431387,185.192359,6.041972888,0.013990666,310.704
0.051006,0.065805,0.349666,0.224738,0.242664,0.049487,0.016634,-0.0018604,-0.03980362,714.9761342,24.9995474,200.753995,218.809166,6.358927596,0.016598675,81.106
0.207573,0.080264,0.436285,0.109973,0.075384,0.067612,0.022909,-0.97219589,0.34240266,727.5137343,25.4297782,190.037373,205.416683,6.797292633,0.015170821,191.668
0.441213,0.108449,0.121509,0.199762,0.060999,0.060989,0.007077,-3.780961432,-1.18003182,739.2911222,25.16335403,136.8243236,230.6525843,3.436709992,0.013114695,65.772
0.275504,0.067528,0.083976,0.357434,0.137289,0.06472,0.013549,-2.67574586,-1.13920807,731.7879412,24.8855211,160.793791,226.721586,3.234399132,0.012809702,52.457
0.556342,0.07949,0.202603,0.052883,0.025068,0.045679,0.037936,-4.075028175,-0.786343334,738.786516,25.29372531,106.2026948,227.9485231,5.857003723,0.011416173,-85.141
0.101708,0.068869,0.542003,0.020667,0.115434,0.132368,0.01895,0.345997116,0.572378612,714.6472112,25.46713627,192.037158,206.5581456,7.910471353,0.017834946,280.844
0.143138,0.192455,0.165914,0.341689,0.090535,0.056399,0.00987,-1.8761969,-0.58185258,730.8265571,25.2112275,225.831183,211.93136,3.743678755,0.019611849,59.316
0.071384,0.098963,0.03438,0.646352,0.072703,0.070888,0.00533,-1.94590868,-0.86353947,738.9308816,24.90939,240.135246,201.452072,1.737064774,0.014375042,90.387
0.08937,0.601351,0.085156,0.153553,0.036939,0.028543,0.005088,-2.56452282,-0.79876116,724.6583179,25.7839333,306.615603,217.907068,1.953861351,0.022642738,186.019
0.540503,0.104048,0.076656,0.185863,0.049549,0.023438,0.019943,-4.59972857,-1.28711998,743.7239495,25.1339302,118.372852,233.480485,3.122476176,0.011473519,-3.228
0.654771,0.127109,0.101591,0.03595,0.028715,0.028704,0.023158,-5.211439073,-1.371055202,743.4639683,25.26506713,90.03828608,241.1273653,3.668157635,0.012091754,-290.932
0.332104,0.301562,0.090422,0.174409,0.027889,0.061328,0.012286,-3.54640578,-1.08595562,734.0326707,25.4264505,196.305432,225.04463,2.922839129,0.020732969,1.211
0.165397,0.234499,0.346496,0.077034,0.056254,0.101648,0.018672,-1.24630411,-0.0505088,721.9742002,25.566393,215.898519,210.807031,6.23289542,0.02275416,231.616
0.073905,0.046779,0.253699,0.329549,0.252213,0.043643,0.000212,-0.57648241,-0.49123795,720.6972581,24.8480663,195.593605,223.964165,4.94573632,0.014377288,53.667
0.054409,0.123409,0.454438,0.076115,0.205475,0.063367,0.022787,0.30831887,0.35279572,711.4119343,25.2766576,208.587787,214.930431,7.211051224,0.020139719,189.247
0.034296,0.102613,0.238585,0.539321,0.035687,0.028093,0.021404,-1.031700002,0.195427245,739.6630225,25.21080561,266.2970113,184.042455,3.605692266,0.014110288,77.928
0.125894,0.647431,0.099607,0.049308,0.021375,0.048044,0.008341,-2.74297834,-0.84613584,721.3550588,25.9061411,298.46857,222.027552,2.416856552,0.019894705,280.666
0.204017,0.076764,0.045826,0.56981,0.042811,0.052846,0.007926,-2.76098859,-0.90988111,744.6136766,24.9722374,210.482969,205.212931,1.993774066,0.011391094,83.135
0.270462,0.270842,0.314781,0.033877,0.048689,0.051678,0.009671,-2.21169256,-0.24816647,729.2986483,25.6229486,206.259416,217.765866,5.520627683,0.022417553,187.495
0.584114,0.199064,0.07005,0.056166,0.021483,0.03848,0.030643,-4.96719464,-1.35716915,739.2872288,25.3181329,116.384677,237.769804,3.449553218,0.015559385,-232.219
0.077646,0.501814,0.148681,0.166117,0.038849,0.06464,0.002253,-2.05084256,-0.64209647,723.8041847,25.7161388,289.221404,214.702334,2.9266858,0.024832375,186.261
0.151923,0.147859,0.238737,0.213672,0.201031,0.044216,0.002562,-1.32700115,-0.60375014,721.862669,25.0790614,195.340678,227.489301,4.830555046,0.018309631,49.933
0.320556,0.13623,0.247204,0.117541,0.038046,0.118514,0.02191,-2.445048705,-0.593561216,728.3672664,25.36351284,160.8146482,219.1969218,5.897527676,0.017202382,131.826
0.186862,0.413368,0.202649,0.062669,0.028815,0.094408,0.01123,-2.279090071,-0.624240666,722.7653098,25.6990337,240.1011559,219.2413638,4.39320702,0.023971639,210.829
0.255971,0.166249,0.059708,0.392312,0.043337,0.077384,0.005039,-3.04545595,-1.10250281,738.3271022,25.1434947,198.19145,216.603023,2.257604287,0.016862374,52.058
0.21233,0.187874,0.246289,0.266454,0.025918,0.057346,0.003789,-2.15405202,-0.32010679,737.2514098,25.4302699,220.673418,206.698268,4.283882993,0.018881164,100.677
0.462393,0.099122,0.241944,0.060517,0.105753,0.009942,0.020329,-3.33217287,-0.6864766,735.2863013,25.2320954,128.443272,232.098971,5.571161314,0.013020034,-82.368
0.14456,0.045957,0.047673,0.466975,0.168174,0.116849,0.009813,-1.844915725,-1.267286573,724.9436157,24.72781457,176.5215695,224.4808145,2.741876872,0.013498779,56.012
0.191064,0.053198,0.454094,0.04195,0.141243,0.093385,0.025066,-0.50957962,0.22108343,717.934159,25.3098728,168.426551,215.278128,7.80735242,0.015603548,186.95
0.035624,0.060879,0.492321,0.305053,0.041919,0.022067,0.042136,0.151829782,1.185160955,731.7505142,25.45607026,254.5339575,176.964712,4.879513063,0.012538277,159.76
0.204588,0.149347,0.461822,0.011528,0.10687,0.045041,0.020805,-0.895978634,0.373872446,723.4066145,25.51748088,196.5429765,211.7435813,6.940001413,0.01929094,219.316
0.250678,0.137182,0.26374,0.175627,0.11556,0.036928,0.020286,-1.963362127,-0.359438091,728.6921439,25.24201916,184.5065765,218.8072042,5.501239642,0.017078772,59.215
0.058311,0.180356,0.364918,0.153579,0.202232,0.032261,0.008343,-0.29880479,0.03404635,717.4480659,25.257293,226.361695,217.609285,5.836376802,0.021229021,119.382
0.202068,0.08692,0.185586,0.378145,0.084317,0.055205,0.007758,-2.058791889,-0.556818797,736.2259496,25.10665271,199.5623256,210.7003377,4.004827306,0.013656046,66.397
0.111376,0.177746,0.064457,0.386738,0.198355,0.05671,0.004618,-1.80788778,-1.14573496,723.0936492,24.8891936,209.506535,228.239556,2.47825316,0.018447672,30.736
0.077108,0.155753,0.477781,0.012808,0.075617,0.166009,0.034924,0.18134064,0.4416483,710.0222626,25.5600982,206.826606,204.298124,8.037030791,0.022396029,274.875
0.35666,0.104227,0.07992,0.348836,0.03876,0.065328,0.006268,-3.517603188,-1.126942567,742.328115,25.11186681,166.1088931,220.2608253,2.659134852,0.012895636,69.091
0.050865,0.252567,0.464227,0.055811,0.12602,0.03908,0.01143,-0.10923335,0.5178121,718.8877327,25.6056251,250.952622,206.793357,5.972822556,0.024758465,256.055
0.04615,0.232459,0.449253,0.19457,0.046312,0.019918,0.011338,-0.40309724,0.73927111,730.777056,25.6722834,275.057897,190.707698,4.666330835,0.02312986,218.174
0.169557,0.049322,0.020714,0.551078,0.053041,0.156094,0.000194,-2.38519591,-1.30266249,735.3179722,24.8877098,189.212825,212.476167,1.826864282,0.012544249,31.456
0.181114,0.17648,0.361954,0.194388,0.030928,0.044577,0.010558,-1.470660421,0.193978594,734.6034977,25.54132604,228.0911801,200.7876878,5.220975408,0.019084709,161.695
0.212647,0.089067,0.39614,0.091335,0.174221,0.021346,0.015243,-1.042914843,0.052465112,723.9235833,25.24403434,179.7355147,220.0651621,6.61313931,0.015701189,110.731
0.457912,0.361077,0.054673,0.06063,0.005977,0.043771,0.01596,-4.5703154,-1.33763796,736.1707796,25.5358996,175.487656,234.203084,2.401293906,0.020061728,-96.511
0.040799,0.060428,0.415902,0.161506,0.29078,0.013895,0.016689,0.385523986,0.194791855,712.3578959,24.9987606,200.1480501,221.6254816,6.763973197,0.016580746,69.668
0.363113,0.117292,0.396911,0.038085,0.030696,0.031191,0.022711,-2.291985872,0.127835428,735.990125,25.54430544,169.5645586,211.1318031,6.558433171,0.014820583,149.873
0.189472,0.047624,0.148096,0.499126,0.049311,0.057648,0.008722,-2.191185261,-0.553176363,742.0859994,25.04736775,207.3595044,202.4420474,3.39016106,0.010079831,75.458
0.247234,0.044173,0.205272,0.294378,0.113326,0.075981,0.019636,-2.00072024,-0.61263094,730.1386086,25.0331108,166.762801,217.72155,5.119195033,0.01237722,79
0.131495,0.050645,0.32488,0.177809,0.230363,0.069862,0.014946,-0.54543487,-0.30189594,715.7761011,24.9902341,173.749145,225.440775,6.541367611,0.01539362,76.668
0.034999,0.056175,0.753579,0.06023,0.03833,0.030601,0.026085,1.17002883,1.943975394,728.2517016,25.80433,252.3810154,174.7595228,4.227398008,0.012119624,315.171
0.045999,0.306846,0.273846,0.245634,0.074193,0.052398,0.001084,-1.08770241,-0.11299417,726.9793314,25.5233684,271.475585,205.316233,4.134550899,0.025082227,147.896
0.116421,0.177994,0.317629,0.113248,0.129421,0.130185,0.015102,-0.75819079,-0.31126426,714.6420162,25.3246608,199.878487,218.983959,6.438578719,0.021031537,155.802
0.740575,0.110844,0.031739,0.051331,0.029678,0.016683,0.01915,-6.02462059,-1.73810942,747.9186039,25.1753605,67.854785,248.455315,2.100815633,0.009989286,-443.544
0.070367,0.107514,0.514381,0.217578,0.039344,0.023075,0.02774,-0.07992204,1.086989857,732.0989732,25.57772468,251.9379239,183.1785932,5.050722151,0.015647331,198.442
0.062006,0.354561,0.00402,0.436243,0.028106,0.108972,0.006091,-2.307267477,-1.097547648,729.0870633,25.32075342,270.3561404,209.6184286,1.321423917,0.023343163,51.104
0.089778,0.386016,0.192687,0.161239,0.082618,0.080139,0.007522,-1.62993562,-0.574313874,720.4291678,25.53602494,257.2279942,217.4478104,4.024464328,0.024323349,155.638
0.333374,0.10101,0.347559,0.038058,0.127018,0.021953,0.031028,-2.01080582,-0.12849055,726.91512,25.2964054,154.670262,222.725106,6.899533215,0.015304384,54.99
0.04712,0.229835,0.187659,0.278544,0.192457,0.059598,0.004786,-0.991681522,-0.643692024,718.1300986,25.11724822,232.7802768,222.6529437,4.107811909,0.021516153,57.927
0.174557,0.252405,0.335722,0.088981,0.124805,0.018706,0.004824,-1.43905057,-0.10616766,725.7184375,25.4791819,223.363759,218.299661,5.325170696,0.022472893,138.088
0.359886,0.272395,0.207005,0.053116,0.04373,0.043953,0.019915,-3.15755736,-0.67246687,731.4360376,25.5125161,183.013665,224.799172,4.856371502,0.020768055,61.225
0.312155,0.333274,0.182517,0.064572,0.009552,0.085315,0.012615,-3.07535259,-0.78948853,729.762654,25.6174641,202.212162,222.551479,4.314118753,0.02235835,129.598
