Fe,Mn,Ni,Co,Cr,V,Al,D1,D10,D16,D21,SFE
0.202865714,0.025391378,0.365390642,0.296459966,0.054368812,0.03207734,0.023446148,-1.329041122,25.28154144,196.6484077,0.008799356,26.63179136
0.035201282,0.015630241,0.72472103,0.141415938,0.030501083,0.008102075,0.044428351,1.100699989,25.70454466,168.0854549,0.007628942,134.4017734
0.227772892,0.014223766,0.531015073,0.100751057,0.063309817,0.0124716,0.050455796,-0.671742775,25.45599607,193.0851723,0.009168268,70.89705653
0.085646457,0.014145748,0.427234286,0.330437288,0.075738034,0.034579185,0.032219001,-0.27568365,25.2728366,187.6729655,0.009406383,14.21169229
0.575419142,0.039981163,0.238784553,0.051484033,0.028441536,0.030001878,0.035887695,-4.035375246,25.28182267,226.581065,0.008482417,94.06671497
0.432579555,0.008088662,0.368856606,0.066830208,0.052774487,0.042640421,0.028230061,-2.577411882,25.32958472,216.344656,0.00771178,86.21437169
0.469955181,0.025624175,0.239586514,0.152835294,0.047606917,0.039406701,0.024985218,-3.382388214,25.20842445,221.5462114,0.008082394,58.58994087
0.117748226,0.022803838,0.334115989,0.404400035,0.062361731,0.032364649,0.026205533,-0.92686659,25.19785156,190.457014,0.008988191,-11.79869057
0.246177103,0.021847528,0.169421006,0.436356272,0.10722257,0.01520065,0.003774871,-2.367190352,24.96529302,212.3589599,0.007726289,-63.85173721
0.176802946,0.012324461,0.368017854,0.134126388,0.253783267,0.032606163,0.022338921,-0.580231007,24.95913315,226.8976955,0.01289783,0.516495352
0.155801306,0.013864742,0.429266688,0.182158175,0.134735198,0.044619621,0.039554272,-0.439920625,25.2042108,203.7977227,0.011881828,29.80339552
0.205905343,0.025616751,0.495901013,0.149217775,0.04680422,0.031296743,0.045258155,-0.727441241,25.4506365,191.5990038,0.010100928,61.94716061
0.052117034,0.015029174,0.068070104,0.724747285,0.076483833,0.032077726,0.031474844,-1.570618985,24.79626712,189.7444096,0.008318745,-129.640332
0.048492714,0.015519237,0.543224396,0.282199039,0.041601644,0.010390484,0.058572487,0.382771552,25.44751147,172.4288777,0.008879078,67.515626
0.112913522,0.002697177,0.68612548,0.040955763,0.077557373,0.056820954,0.022929732,0.661659921,25.60547114,189.0465583,0.009622114,94.63970199
0.693824838,0.030036667,0.130880216,0.095937894,0.02798149,0.013657233,0.007681661,-5.332038442,25.17813122,239.4712043,0.005153712,-224.2638935
0.24737736,0.015952118,0.244113741,0.220761223,0.212306795,0.037958976,0.021529787,-1.612339421,24.88790708,228.7510198,0.011562765,-32.86201639
0.520309319,0.027837701,0.135176451,0.158611283,0.130221279,0.013127992,0.014715975,-3.98170268,24.97073003,240.0810863,0.008154178,-93.25162075
0.092253993,0.016022745,0.345046883,0.312503368,0.196504812,0.02911092,0.008557278,-0.432414881,25.00329077,211.4486964,0.011497732,-16.97978455
0.15485776,0.01705369,0.610339408,0.127642221,0.045249991,0.030097926,0.014759003,-0.107820354,25.5917585,187.7142933,0.007667678,81.83223148
0.154710106,0.015237893,0.485335837,0.227474204,0.050419595,0.021136965,0.045685401,-0.478036997,25.39927952,186.355284,0.008850372,54.0141149
0.069191842,0.021852751,0.059650311,0.641933684,0.183159224,0.022760602,0.001451586,-1.57022331,24.65774836,211.6322915,0.009946181,-172.5497969
0.303680105,0.025902752,0.340058815,0.130894077,0.149316444,0.035622643,0.014525164,-1.774524153,25.14290712,222.9594041,0.010892783,19.36857551
0.052693524,0.017162377,0.503376074,0.137521252,0.251326436,0.026218519,0.011701818,0.613916298,25.11455163,214.3053767,0.013722095,34.90378712
0.061873722,0.016570123,0.658981158,0.066212987,0.152966102,0.016374254,0.027021655,0.966739093,25.45606809,194.2079245,0.01180432,91.55687041
0.340046755,0.018559403,0.43624303,0.11325525,0.02374892,0.036845925,0.031300718,-1.86046001,25.44624985,202.0657274,0.007913802,74.64164783
0.220441161,0.001317009,0.437418658,0.047598981,0.227126863,0.052231741,0.013865587,-0.603722646,25.09296564,227.3696829,0.01211794,21.46683784
0.028030413,0.01230379,0.366399224,0.438949343,0.077466018,0.04315286,0.033698352,-0.158223863,25.17108105,184.1809769,0.009656834,-7.31970744
0.357797874,0.011656179,0.066981963,0.447579398,0.08623231,0.014552433,0.015199842,-3.430104284,24.87488706,218.5351608,0.006258688,-26.89003898
0.464134624,0.022390011,0.302540232,0.075078263,0.063227012,0.045172271,0.027457586,-3.014341663,25.25932986,222.8266596,0.008825324,107.3531
0.083158975,0.022860837,0.284851335,0.41317676,0.138922543,0.03179847,0.02523108,-0.714431893,25.00920307,200.8289745,0.011153959,-25.47169
0.171697812,0.028858627,0.439527386,0.180348734,0.096431243,0.043966049,0.039170148,-0.619250779,25.30243054,199.442305,0.011962435,39.9666
0.200270633,0.012735615,0.169446713,0.478007735,0.097772237,0.025870359,0.015896709,-2.034758559,24.94585599,205.9539844,0.007833866,-70.37501
0.069149225,0.024815925,0.398875393,0.293083875,0.159813354,0.039889343,0.014372885,-0.137392018,25.13215184,203.3330335,0.012139198,16.77727
0.030328106,0.023376584,0.283583841,0.547625971,0.065279104,0.030246913,0.019559481,-0.660272352,25.10619265,184.3794745,0.008572645,-47.94857
0.071185334,0.018785099,0.418480986,0.376560117,0.054795874,0.032597357,0.027595232,-0.321144217,25.29806732,183.5559805,0.008683468,21.61942
0.110252919,0.011568327,0.016325549,0.733742307,0.074132839,0.043077504,0.010900555,-2.194398545,24.75821974,198.0830296,0.007114871,-146.64508
0.35103238,0.02750127,0.205947377,0.280019279,0.107199938,0.024381211,0.003918546,-2.803718699,25.0535803,222.2338012,0.008435789,4.61517
0.254403093,0.013892386,0.366303723,0.136133243,0.156490018,0.044849546,0.027927992,-1.260891353,25.12634748,218.2498472,0.011351919,17.36993
0.028041556,0.028256307,0.101784207,0.67968748,0.131363803,0.015144609,0.015722038,-1.266056171,24.77815193,197.0201588,0.009699963,-153.20215
0.296202361,0.014000002,0.178410483,0.398596355,0.059447545,0.029337831,0.024005422,-2.615800979,25.04115355,207.5550672,0.007207826,1.35555
0.098502848,0.014780546,0.531657144,0.046045155,0.251058939,0.038021494,0.019933874,0.537354882,25.15812938,218.0148257,0.014222517,39.63244
0.154352652,0.026464834,0.223374159,0.346669612,0.215471581,0.016243326,0.017423836,-1.237175265,24.84435211,220.3562144,0.011837878,-56.7754
0.513389504,0.003501605,0.245712093,0.143245018,0.029368299,0.039071999,0.025711481,-3.635422181,25.22312284,221.0909583,0.005806861,134.02272
0.313925995,0.017216851,0.258268786,0.168297374,0.179012143,0.037459889,0.025818963,-2.016348865,24.97548889,228.5401629,0.010970582,-13.90225
0.045295748,0.012569225,0.240692884,0.477017966,0.182878592,0.035433711,0.006111874,-0.623300055,24.87090167,207.0840405,0.010716757,-77.29146
0.202865714,0.025391378,0.365390642,0.296459966,0.054368812,0.03207734,0.023446148,-1.329041122,25.28154144,196.6484077,0.008799356,10.2202
0.149949122,0.022680445,0.274299451,0.410165549,0.080462946,0.048883453,0.013559034,-1.32607218,25.1116532,199.8442244,0.009402672,-27.37577
0.168495013,0.010417674,0.059385564,0.527824384,0.192196767,0.02815616,0.013524436,-2.034391311,24.64978205,220.6591915,0.009681258,-135.87005
0.007229544,0.027796477,0.164107525,0.694154097,0.054838311,0.030791306,0.02108274,-1.045278218,24.96537538,182.3786859,0.008404424,-108.84736
0.103261933,0.028010424,0.29018623,0.538863924,0.013553766,0.019801307,0.006322417,-1.299019006,25.22809235,182.8488219,0.005688825,-29.65813
0.02529435,0.027496504,0.223392132,0.622837906,0.055418621,0.03864806,0.006912428,-0.952055987,25.05583225,185.3305139,0.008111919,-85.14733
0.585251719,0.031141104,0.133960775,0.089334817,0.12788355,0.018938927,0.013489108,-4.362872278,24.99841128,246.2775136,0.008143026,-170.15596
0.009633686,0.01442455,0.277378352,0.594288697,0.045795442,0.032380759,0.026098515,-0.576777493,25.10400459,178.4722658,0.00749738,-41.44194
0.217792138,0.01695154,0.26469491,0.253371554,0.178748961,0.046994622,0.021446274,-1.432809777,24.95857659,221.0945862,0.011502741,-16.78988
0.091217163,0.014511506,0.337149196,0.441602307,0.058567105,0.025706482,0.031246241,-0.756213334,25.18339861,185.9320868,0.008102849,-4.46385
0.034255727,0.022671796,0.152504023,0.668995221,0.099740419,0.015263593,0.006569221,-1.222957703,24.89051384,192.2599496,0.007918418,-127.44674
0.058793815,0.01547936,0.444382718,0.230357654,0.204670555,0.024277627,0.02203827,0.247216997,25.10075369,206.6446206,0.012583151,11.84055
0.363556977,0.023727073,0.140508239,0.217340829,0.212932097,0.039437096,0.002497689,-2.804058049,24.81036536,243.0643587,0.010303955,-120.36637
0.205432247,0.011620113,0.115839067,0.565680681,0.049831384,0.032589395,0.019007113,-2.391308908,24.94675823,199.4167151,0.006501417,-52.457
0.059221112,0.01481307,0.54818408,0.086432273,0.246173361,0.032629773,0.01254633,0.768557277,25.17910038,213.7530608,0.013862138,43.579
0.046321472,0.014740861,0.465495453,0.318867166,0.088405559,0.043710569,0.02245892,0.120758622,25.29943919,187.5312574,0.009908518,27.439
0.352766038,0.01241352,0.302436589,0.167426883,0.127321243,0.029837513,0.007798214,-2.30991759,25.12494062,223.7042722,0.008577843,6.86
0.479664397,0.027415792,0.222482843,0.233761727,0.004206728,0.024339757,0.008128755,-3.756119494,25.26549733,215.9248216,0.005437808,99.667
0.252436918,0.015026348,0.458265323,0.01295407,0.204010504,0.031255519,0.026051317,-0.777352016,25.17549452,223.7510752,0.012366412,39.544
0.074726911,0.013722099,0.424770256,0.386787063,0.042407056,0.03359267,0.023993945,-0.361352678,25.32055487,181.9191629,0.00757547,7.667
0.349149656,0.032105798,0.338022017,0.147819321,0.062974216,0.041684858,0.028244134,-2.220318042,25.2850929,212.1615053,0.009904314,62.544
0.096208843,0.014591655,0.347910994,0.462271711,0.032519084,0.015145701,0.031352012,-0.842398969,25.23695916,180.9869129,0.006603027,-15.333
0.080373639,0.029990098,0.286395158,0.402497276,0.157979276,0.017623237,0.025141317,-0.680163315,24.99111956,202.869253,0.011676146,-37.527
0.547092171,0.014426287,0.134543646,0.155595135,0.08764811,0.031775759,0.028918891,-4.132894956,25.0150279,234.919319,0.007412857,6.456
0.035336113,0.016513945,0.226093508,0.489783908,0.178767508,0.029720716,0.023784303,-0.57079034,24.84984354,203.6582598,0.011459458,-65.772
0.460595656,0.004565762,0.35951156,0.00149088,0.124383582,0.043042407,0.006410153,-2.670901991,25.22627514,232.896446,0.008276181,62.141
0.163696479,0.014588301,0.242312637,0.318544399,0.215922969,0.03329039,0.011644826,-1.184651336,24.85845551,222.4477285,0.011410213,-48.018
0.390947304,0.026107739,0.301281186,0.081434133,0.137429895,0.03670963,0.026090113,-2.413786242,25.12998339,228.2431399,0.010638741,19.369
0.189245896,0.013247673,0.223179968,0.477418512,0.049783464,0.041126655,0.005997833,-1.89891925,25.09261801,198.5819129,0.006634302,-25.018
0.349875384,0.017248658,0.238761868,0.247088233,0.084969728,0.035738856,0.026317272,-2.578825976,25.10155496,216.2054652,0.008656454,25.018
0.380451078,0.023269494,0.138460534,0.306504805,0.137126489,0.012115848,0.002071752,-3.200254169,24.92331706,229.6829581,0.007984862,-52.053
0.026740607,0.013307418,0.344447649,0.447788634,0.115038535,0.044134323,0.008542834,-0.252564993,25.10249518,193.260683,0.009616093,-33.491
0.159597775,0.008850129,0.266305896,0.440115035,0.08025932,0.043246536,0.001625309,-1.473126208,25.09031268,200.7981442,0.007295959,-43.176
0.199747178,0.016207865,0.493929106,0.215262582,0.004878326,0.064884072,0.005090871,-0.9217905,25.52246018,190.5536298,0.007003295,40.755
0.341069654,0.015529637,0.199518645,0.17348881,0.234328257,0.030124076,0.00594092,-2.367576647,24.83294506,242.2334893,0.010470221,-86.352
0.275484884,0.014099984,0.343005694,0.271510843,0.085842818,0.005554977,0.0045008,-1.896019719,25.21879363,207.69863,0.006485266,6.86
0.197035518,0.018126121,0.401549822,0.257705708,0.057103124,0.046520734,0.021958973,-1.101885577,25.31413661,197.1047741,0.008950265,18.965
0.675937359,0.023611641,0.166803255,0.034859461,0.052366837,0.03049664,0.015924808,-4.921221591,25.16998742,241.7268865,0.006409286,-136.387
0.119948719,0.027449934,0.186092613,0.524822036,0.084547529,0.047717077,0.009422091,-1.532363687,24.99137707,199.6389855,0.009407709,-75.457
0.102900132,0.033230527,0.283902882,0.532388192,0.017084113,0.02238446,0.008109692,-1.302745348,25.22153604,183.7950549,0.006582392,-32.281
0.249536286,0.014602118,0.400844544,0.1560784,0.152762268,0.018696894,0.007479491,-1.266911524,25.18610056,216.545532,0.009605509,10.088
0.027867609,0.015756257,0.352771065,0.370049466,0.154405459,0.049035948,0.030114195,0.003648428,25.04582394,198.1662134,0.012299296,-5.246
0.140361768,0.005133806,0.083358934,0.517765907,0.211449347,0.033927821,0.008002416,-1.724252166,24.63959317,221.8000052,0.009906883,-115.001
0.254403093,0.013892386,0.366303723,0.136133243,0.156490018,0.044849546,0.027927992,-1.260891353,25.12634748,218.2498472,0.011351919,23.80721
0.202865714,0.025391378,0.365390642,0.296459966,0.054368812,0.03207734,0.023446148,-1.329041122,25.28154144,196.6484077,0.008799356,16.54399
0.030328106,0.023376584,0.283583841,0.547625971,0.065279104,0.030246913,0.019559481,-0.660272352,25.10619265,184.3794745,0.008572645,-53.26358
0.248023982,0.011453225,0.48832582,0.151769452,0.029817041,0.02427364,0.046336839,-1.048968994,25.4563103,191.2137121,0.007933718,62.94787
0.056531289,0.013997349,0.364109494,0.427461175,0.088936661,0.043068112,0.005895919,-0.43534751,25.17866202,191.5113707,0.008610188,-23.4037
0.076199064,0.029571481,0.642181842,0.147779475,0.046649706,0.039611255,0.018007177,0.508216926,25.6252356,181.6194464,0.009661389,89.17615
0.223744039,0.012219722,0.527494894,0.053627052,0.105110068,0.04387579,0.033928434,-0.540588448,25.39756157,203.9680229,0.010848868,58.50924
0.508249602,0.015493889,0.2529149,0.136166335,0.047250004,0.015749806,0.024175464,-3.602670814,25.22069978,222.248538,0.006300935,119.43955
0.500927338,0.012087996,0.168143498,0.161534379,0.127428539,0.021277737,0.008600512,-3.735140148,24.9928214,237.9558956,0.007284262,-50.439
0.159597775,0.008850129,0.266305896,0.440115035,0.08025932,0.043246536,0.001625309,-1.473126208,25.09031268,200.7981442,0.007295959,-43.57929
0.200270633,0.012735615,0.169446713,0.478007735,0.097772237,0.025870359,0.015896709,-2.034758559,24.94585599,205.9539844,0.007833866,-60.5268
0.067106049,0.008242123,0.730597263,0.050296985,0.075587559,0.035487619,0.032682403,1.091267404,25.65282942,181.4874125,0.009640221,113.38687
0.307130443,0.032210579,0.230642676,0.310037306,0.090521874,0.021177613,0.008279508,-2.488795784,25.10165773,214.736096,0.00862826,-4.84214
0.071185334,0.018785099,0.418480986,0.376560117,0.054795874,0.032597357,0.027595232,-0.321144217,25.29806732,183.5559805,0.008683468,14.52643
0.270538501,0.020484723,0.360193207,0.223578884,0.053183401,0.026993765,0.045027519,-1.647716213,25.27604757,199.7066143,0.009168007,48.82495
0.205060741,0.003505517,0.460426992,0.119136982,0.128050944,0.044688389,0.039130436,-0.606463109,25.25424575,206.1663184,0.010895306,41.56173
0.163546276,0.014853163,0.428293751,0.208312651,0.104177224,0.04270051,0.038116425,-0.590039253,25.25325986,199.4561847,0.010955301,24.61423
0.261814254,0.014486791,0.535163994,0.070864325,0.045990812,0.020886952,0.050792871,-0.878723147,25.49861441,193.8849778,0.008995014,77.87781
0.132225973,0.02782097,0.187775204,0.548079972,0.049553889,0.048195069,0.006348924,-1.711800769,25.05218633,195.2661363,0.008190006,-56.08817
0.165652207,0.025893004,0.33610982,0.400168982,0.029227214,0.033624621,0.009324152,-1.372829779,25.27940508,191.1431789,0.007151546,-8.47375
0.253845935,0.035102637,0.136922796,0.415806086,0.124079449,0.025017103,0.009225994,-2.458846503,24.91765431,217.2565609,0.009662406,-76.66728
0.414459565,0.022822075,0.420346947,0.019158799,0.064163034,0.024633933,0.034415646,-2.258158749,25.39059147,214.4711651,0.009009814,85.54454
0.007229544,0.027796477,0.164107525,0.694154097,0.054838311,0.030791306,0.02108274,-1.045278218,24.96537538,182.3786859,0.008404424,-110.15877
0.217792138,0.01695154,0.26469491,0.253371554,0.178748961,0.046994622,0.021446274,-1.432809777,24.95857659,221.0945862,0.011502741,-22.59667
0.464134624,0.022390011,0.302540232,0.075078263,0.063227012,0.045172271,0.027457586,-3.014341663,25.25932986,222.8266596,0.008825324,98.05341
0.090367274,0.009117212,0.245352654,0.372027881,0.227387971,0.034358941,0.021388067,-0.660337901,24.80926555,216.6260762,0.011984282,-36.71959
0.02529435,0.027496504,0.223392132,0.622837906,0.055418621,0.03864806,0.006912428,-0.952055987,25.05583225,185.3305139,0.008111919,-80.7024
0.035326524,0.012395883,0.337024252,0.500962107,0.070215628,0.029542197,0.014533408,-0.469524572,25.15623404,184.7885977,0.007539463,-36.31608
0.089275285,0.008778413,0.394700901,0.291627535,0.134718696,0.043375972,0.037523199,-0.206300714,25.13280701,198.1999256,0.01137296,12.91238
0.349149656,0.032105798,0.338022017,0.147819321,0.062974216,0.041684858,0.028244134,-2.220318042,25.2850929,212.1615053,0.009904314,64.56192
0.133960569,0.006704698,0.534404007,0.065166715,0.213258167,0.039999225,0.006506619,0.182692001,25.22517913,215.9661966,0.012184393,43.17578
0.070360406,0.014195424,0.521154029,0.220756849,0.064059458,0.058469087,0.051004746,0.316673225,25.39905637,183.2374278,0.011435394,61.33382
0.081395261,0.01612097,0.038193423,0.585717286,0.216169532,0.04296742,0.01943611,-1.48949683,24.56663226,218.1512481,0.011404481,-143.24676
0.085987709,0.014753648,0.458946467,0.224177596,0.137152717,0.043679157,0.035302707,0.068341097,25.22201441,197.9588258,0.012058116,33.4915
0.465728753,0.024145432,0.335792736,0.033794105,0.093719671,0.020696104,0.026123199,-2.868039662,25.25828352,225.6810427,0.008911055,85.94805
0.110046072,0.026381236,0.539400217,0.237586361,0.044040673,0.033620119,0.008925321,-0.173906595,25.50575177,185.871109,0.008173616,56.088
0.171697812,0.028858627,0.439527386,0.180348734,0.096431243,0.043966049,0.039170148,-0.619250779,25.30243054,199.442305,0.011962435,38.334
0.264453194,0.029782994,0.219803491,0.26345343,0.19179521,0.022250763,0.008460919,-1.987454321,24.9192107,227.8537136,0.010970565,-59.72
0.014907832,0.018581264,0.423114335,0.39192532,0.08164856,0.033359162,0.036463527,0.145589363,25.24137784,182.1084558,0.010216507,19.772
0.135233539,0.002403456,0.619119136,0.062078985,0.103127659,0.043435965,0.034601259,0.354020734,25.47792148,193.8828484,0.010369847,81.106
0.267035397,0.036267111,0.275389911,0.328507466,0.039383541,0.035667322,0.017749251,-2.143179966,25.22636004,202.5541796,0.008739358,18.158
0.522928765,0.032718878,0.23120007,0.074822681,0.102874579,0.020403856,0.015051171,-3.665526277,25.14521485,235.2665976,0.008610249,-20.176
0.217521316,0.012498893,0.537888462,0.050518969,0.084271073,0.063143828,0.034157458,-0.472915744,25.44267303,201.4575249,0.011105529,64.158
0.009633686,0.01442455,0.277378352,0.594288697,0.045795442,0.032380759,0.026098515,-0.576777493,25.10400459,178.4722658,0.00749738,-48.825
0.115261498,0.00874684,0.266149753,0.474368336,0.086187353,0.042082839,0.00720338,-1.1765872,25.06429861,197.1754056,0.007777102,-56.492
0.009478326,0.024302247,0.348753916,0.557256923,0.027051239,0.00620933,0.026948019,-0.408087582,25.23655222,172.5058347,0.006481851,-27.842
0.186571997,0.012539445,0.101974474,0.561565964,0.08225568,0.041433654,0.013658786,-2.250113019,24.87991216,204.6560959,0.007679761,-84.334
0.135464693,0.009354794,0.465214206,0.110440585,0.227384915,0.032304267,0.01983654,-0.02765878,25.1097012,217.5515073,0.012722952,29.86
0.053516234,0.017020502,0.457905479,0.221321725,0.21363205,0.001007175,0.035596836,0.364780701,25.09515729,204.1931469,0.012753438,25.825
0.485482341,0.024273967,0.36173837,0.019156128,0.056585682,0.019418686,0.033344827,-2.951207939,25.34937198,220.086037,0.008286946,111.773
0.055121407,0.012511066,0.448102547,0.268928838,0.139931247,0.043788044,0.031616851,0.194542734,25.19334816,196.0905966,0.011807273,25.421
0.078443174,0.01926452,0.383442255,0.409659128,0.069552951,0.030531661,0.00910631,-0.559766948,25.24416462,188.8373586,0.007993391,-8.877
0.106824639,0.007697795,0.252549083,0.402218271,0.174139575,0.034433568,0.02213707,-0.874806919,24.90085964,209.0113447,0.01069653,-48.421
0.222595384,0.029732021,0.363752298,0.299840532,0.020909965,0.029772812,0.033396988,-1.508734753,25.33582878,191.8968753,0.008462618,40.351
0.111072795,0.032989237,0.251786064,0.311059228,0.274908035,0.010972022,0.00721262,-0.767388589,24.79453515,226.8670014,0.013129525,-58.913
0.04024438,0.014700158,0.520662046,0.246582303,0.138076249,0.003410383,0.036324483,0.492749176,25.28241618,189.608991,0.010672125,49.228
0.417439783,0.033830687,0.175975283,0.251668681,0.086865027,0.021974722,0.012245817,-3.341562051,25.06929827,224.4648599,0.008368042,-27.842
0.090348444,0.026061017,0.466033155,0.337417141,0.034503829,0.03710615,0.008530263,-0.382981084,25.41887587,183.8853364,0.007759171,25.018
0.347520188,0.028493586,0.065361029,0.390307515,0.138821877,0.021260815,0.00823499,-3.258949454,24.82091805,228.4882843,0.008722589,-109.755
0.12548006,0.028004244,0.384338993,0.324646369,0.094331497,0.028236877,0.01496196,-0.741973466,25.23164034,196.7783956,0.009846145,0.404
0.042993849,0.018641303,0.361632208,0.37416382,0.133541213,0.032068896,0.036958711,-0.120200644,25.09170182,193.9255621,0.011615478,-4.035
0.37598325,0.023299169,0.270568663,0.224512641,0.058866689,0.028580383,0.018189205,-2.737673898,25.20312747,214.2503692,0.007800541,52.86
0.405000035,0.013849748,0.275561215,0.10504813,0.129713161,0.033011831,0.037815881,-2.563277893,25.08654612,226.4694475,0.009827801,52.05305
0.154842836,0.021300605,0.252558946,0.452098682,0.074245506,0.033872628,0.011080797,-1.510324876,25.09210091,198.4399377,0.008228159,-38.33364
0.032288076,0.000803503,0.123745471,0.734533863,0.048872827,0.034549202,0.025207059,-1.316493079,24.88678223,182.7447921,0.006048429,-127.50979
0.314734456,0.018766853,0.433983712,0.116783374,0.064519859,0.018727234,0.032484512,-1.645621849,25.37235167,204.9463248,0.008546032,68.19352
0.483147178,0.029451546,0.29170175,0.08006387,0.04923755,0.039336321,0.027061786,-3.233093115,25.28217398,222.2390299,0.008672661,43.57929
0.114356693,0.0070209,0.5087537,0.266555285,0.010160145,0.039047786,0.054105491,-0.171198775,25.46241943,176.0403834,0.008009376,58.91276
0.219118513,0.013879323,0.414123463,0.185135999,0.12532258,0.002114393,0.040305729,-0.998438581,25.21295917,204.3525985,0.009796068,25.82477
0.16171226,0.012267619,0.52121771,0.03876068,0.195738193,0.041267219,0.02903632,0.023994192,25.23759577,213.846613,0.013047814,52.86007
0.58365246,0.018613911,0.120106644,0.1951854,0.023732473,0.041117746,0.017591367,-4.6242384,25.11711349,229.9108514,0.005894087,27.0353
0.205060741,0.003505517,0.460426992,0.119136982,0.128050944,0.044688389,0.039130436,-0.606463109,25.25424575,206.1663184,0.010895306,41.56174
0.134239582,0.008338211,0.432407391,0.163581582,0.216093522,0.044521563,0.00081815,-0.248723516,25.09472978,218.9290939,0.011866662,10.0878
0.016506159,0.013268661,0.423718139,0.359915574,0.134743047,0.041836546,0.010011874,0.191584563,25.17175038,194.1645286,0.010487817,5.64917
0.163696479,0.014588301,0.242312637,0.318544399,0.215922969,0.03329039,0.011644826,-1.184651336,24.85845551,222.4477285,0.011410213,-47.2109
0.250904523,0.01627364,0.405775362,0.219523843,0.026748467,0.044829651,0.035944515,-1.418010992,25.36998334,195.1644735,0.008422683,47.61442
0.003584758,0.009795423,0.686472043,0.179994813,0.048597561,0.044045855,0.027509547,1.192664121,25.62318473,173.30239,0.008661186,117.42199
0.508249602,0.015493889,0.2529149,0.136166335,0.047250004,0.015749806,0.024175464,-3.602670814,25.22069978,222.248538,0.006300935,116.21145
0.114697092,0.016392577,0.602034218,0.123707544,0.093540944,0.030204556,0.01942307,0.253250204,25.49269767,191.7822725,0.009744821,73.84269
0.186898725,0.018463598,0.614649572,0.102924395,0.017381312,0.037032254,0.022650145,-0.301528492,25.64685063,185.7571295,0.007575776,77.07079
0.169080004,0.021740933,0.521088417,0.162079932,0.060794727,0.014470984,0.050745004,-0.382505691,25.44055835,188.1018581,0.009863628,62.54436
0.103261933,0.028010424,0.29018623,0.538863924,0.013553766,0.019801307,0.006322417,-1.299019006,25.22809235,182.8488219,0.005688825,-37.93013
0.127352627,0.003622367,0.427614244,0.192629532,0.157491508,0.043775143,0.047514579,-0.169739491,25.13916936,203.6856975,0.012094558,28.64935
0.019993498,0.007172335,0.681354122,0.095227241,0.143173125,0.024326082,0.028753597,1.310171916,25.47293767,188.5825025,0.01119123,98.86044
0.2073876,0.013474476,0.38740833,0.221877315,0.080635962,0.049384687,0.03983163,-1.053169308,25.24614437,200.3569934,0.010288534,29.45638
0.216977482,0.008116927,0.392817993,0.141780149,0.211161442,0.027724173,0.001421834,-0.942714431,25.07310918,224.5122852,0.010754805,-3.228
0.622481204,0.029665874,0.157477233,0.089843039,0.050334879,0.022474343,0.027723428,-4.626381654,25.14607463,235.1954802,0.007146256,21.386
0.137888733,0.018571179,0.346467335,0.326161037,0.080261769,0.051161037,0.039488911,-0.8243039,25.18066103,195.1245252,0.010726841,4.035
0.156611653,0.003388286,0.463421684,0.096659813,0.190178834,0.053016327,0.036723403,-0.124946918,25.15251345,213.0766981,0.012766325,39.544
0.235088167,0.010049164,0.411002727,0.131650625,0.117033612,0.057003971,0.038171734,-0.995578961,25.22715068,209.1840146,0.011248067,40.755
0.09589669,0.012213292,0.033978624,0.738679847,0.05597797,0.032085017,0.031168559,-2.021743347,24.79180157,190.6045679,0.007250714,-123.878
0.251710365,0.01711277,0.515364772,0.117886968,0.023981492,0.046700576,0.027243057,-1.017432797,25.52350845,194.3156257,0.008288949,69.001
0.031625632,0.014024473,0.653653834,0.041832478,0.190745064,0.040895478,0.027223041,1.294245746,25.38191251,199.8231389,0.013838514,78.685
0.316358977,0.014671466,0.313532342,0.205875294,0.104256902,0.034172737,0.011132281,-2.096262391,25.16485949,216.6323425,0.008572118,20.983
0.413404489,0.014847376,0.417941504,0.006647159,0.126333784,0.002316903,0.018508785,-2.20678014,25.28924211,224.0039706,0.008482077,57.702
0.113868986,0.025683568,0.534690501,0.215937704,0.030647815,0.030408303,0.048763122,-0.068775325,25.49559493,179.7591903,0.009844184,53.264
0.518978242,0.013888016,0.167544764,0.209128332,0.03444553,0.034503501,0.021511615,-4.017428729,25.13320878,224.0719352,0.006094544,123.878
0.164281364,0.028346746,0.245702615,0.473819247,0.02387528,0.039007574,0.024967174,-1.666143857,25.16432546,190.4197725,0.008112085,-22.193
0.176886465,0.012899495,0.55731622,0.040158691,0.15024479,0.033572953,0.028921386,-0.067356321,25.35756355,206.5212136,0.011744297,59.316
0.179097619,0.005006471,0.453568158,0.199025036,0.07211894,0.043828946,0.04735483,-0.611007804,25.31866918,193.8456078,0.009742961,46.807
0.362139789,0.019534779,0.329897309,0.20062107,0.026585384,0.040919367,0.020302302,-2.461817584,25.31884309,207.490627,0.007342169,54.071
0.073386253,0.014714563,0.34391611,0.338789052,0.144749946,0.047072223,0.037371853,-0.292236547,25.05633785,199.791796,0.012072965,-5.649
0.062383209,0.00670024,0.541646251,0.275923109,0.020299031,0.035872542,0.057175617,0.300793178,25.47173879,172.0411861,0.008443424,66.983
0.115675347,0.013282977,0.417608318,0.220856604,0.168630636,0.030901209,0.033044908,-0.223611871,25.12783511,205.4584371,0.011973149,22.193
0.133344946,0.013925466,0.463222854,0.331087054,0.015587812,0.001584268,0.041247598,-0.616290768,25.41510954,177.6779176,0.005975178,36.72
0.129461791,0.000711911,0.264814794,0.437140176,0.101531714,0.042804181,0.023535433,-1.13046373,25.02202722,199.0321686,0.008488751,-43.176
0.078517694,0.01680852,0.626303055,0.136303504,0.067405528,0.047166081,0.027495619,0.567590151,25.550073,184.5562967,0.010193671,82.316
0.061442956,0.014078819,0.486227973,0.175203907,0.196053321,0.038980503,0.028012521,0.446739097,25.16465804,205.4610949,0.013221859,37.93
0.102939261,0.014970514,0.671511301,0.079391744,0.049212791,0.04602835,0.03594604,0.600084467,25.63551826,182.0421191,0.00988796,97.65
0.76443208,0.017599174,0.149537403,0.00097085,0.022467548,0.027141434,0.01785151,-5.582676551,25.20842892,244.0995155,0.00490112,-315.143
0.226688074,0.008405518,0.300630632,0.1774252,0.219636242,0.044165832,0.023048502,-1.208167863,24.93256764,227.3397132,0.011828852,-8.877
0.350009081,0.028376837,0.405967012,0.071519785,0.064203482,0.048559754,0.031364049,-1.905550007,25.36505742,211.5836238,0.010317285,63.755
0.098407274,0.021597584,0.580422513,0.181198776,0.059725268,0.014825111,0.043823474,0.234169418,25.50206835,181.519218,0.00958888,72.229
0.415061532,0.013952784,0.283457987,0.138587891,0.063204139,0.055359496,0.030376171,-2.761471372,25.20644706,218.8848904,0.008757845,70.211
0.205060741,0.003505517,0.460426992,0.119136982,0.128050944,0.044688389,0.039130436,-0.606463109,25.25424575,206.1663184,0.010895306,42.36876
0.164281364,0.028346746,0.245702615,0.473819247,0.02387528,0.039007574,0.024967174,-1.666143857,25.16432546,190.4197725,0.008112085,-14.52643
0.254403093,0.013892386,0.366303723,0.136133243,0.156490018,0.044849546,0.027927992,-1.260891353,25.12634748,218.2498472,0.011351919,20.57911
0.16171226,0.012267619,0.52121771,0.03876068,0.195738193,0.041267219,0.02903632,0.023994192,25.23759577,213.846613,0.013047814,52.05305
0.178707553,0.0150872,0.385739779,0.327111166,0.046798227,0.023929545,0.022626532,-1.14175391,25.29632447,191.8227686,0.007235506,13.3159
0.177589199,0.026975799,0.425357384,0.25769317,0.024324496,0.036445425,0.051614528,-0.877534747,25.38289414,186.2099454,0.009865445,42.36876
0.200270633,0.012735615,0.169446713,0.478007735,0.097772237,0.025870359,0.015896709,-2.034758559,24.94585599,205.9539844,0.007833866,-58.10573
0.336719021,0.023758279,0.361880935,0.156577287,0.047680377,0.036925265,0.036458836,-2.058367216,25.317395,206.5342055,0.009145948,58.10573
0.21530391,0.009134319,0.271940706,0.281968229,0.158988246,0.03874889,0.0239157,-1.446759753,24.98285867,216.1444774,0.010418237,-19.36858
0.721745019,0.027377142,0.146496631,0.034171363,0.022988089,0.032470263,0.014751495,-5.358939561,25.20794883,241.6865267,0.005784346,-209.42271
0.070360406,0.014195424,0.521154029,0.220756849,0.064059458,0.058469087,0.051004746,0.316673225,25.39905637,183.2374278,0.011435394,58.10573
0.163546276,0.014853163,0.428293751,0.208312651,0.104177224,0.04270051,0.038116425,-0.590039253,25.25325986,199.4561847,0.010955301,27.84233
0.089275285,0.008778413,0.394700901,0.291627535,0.134718696,0.043375972,0.037523199,-0.206300714,25.13280701,198.1999256,0.01137296,12.10536
0.149989207,0.017179429,0.431817917,0.168537799,0.188446134,0.029968403,0.014061111,-0.403800983,25.14402017,213.6157898,0.011848467,19.36858
0.441143345,0.038896027,0.312439896,0.059385764,0.02730957,0.084543557,0.036281841,-2.81996705,25.3425798,218.0083509,0.010969313,54.47412
0.581013341,0.004213218,0.100845456,0.182960053,0.064590326,0.038883253,0.027494353,-4.51289077,25.00222915,234.8255304,0.006108935,-13.3159
0.009548304,0.015089652,0.108175539,0.750062034,0.055907831,0.021157162,0.040059478,-1.205465307,24.86034545,180.1840922,0.007775701,-125.89575
0.219118513,0.013879323,0.414123463,0.185135999,0.12532258,0.002114393,0.040305729,-0.998438581,25.21295917,204.3525985,0.009796068,29.05286
0.083158975,0.022860837,0.284851335,0.41317676,0.138922543,0.03179847,0.02523108,-0.714431893,25.00920307,200.8289745,0.011153959,-42.36876
0.491772726,0.027134942,0.258139001,0.087282801,0.059249621,0.04167522,0.03474569,-3.346658989,25.21826061,224.4555107,0.008984143,89.57966
0.366772233,0.015243108,0.444575122,0.023368777,0.089730691,0.038828425,0.021481644,-1.82813646,25.36724181,216.2672073,0.009262545,60.5268
0.203191363,0.01358087,0.530868959,0.100925395,0.071799765,0.057384312,0.022249337,-0.528571966,25.45614754,198.9597875,0.009932786,62.94787
0.270538501,0.020484723,0.360193207,0.223578884,0.053183401,0.026993765,0.045027519,-1.647716213,25.27604757,199.7066143,0.009168007,49.63198
0.037250972,0.001795465,0.399147186,0.399092231,0.095308119,0.039915176,0.027490851,-0.052247569,25.17729466,187.3218169,0.008927273,6.05268
0.114697092,0.016392577,0.602034218,0.123707544,0.093540944,0.030204556,0.01942307,0.253250204,25.49269767,191.7822725,0.009744821,73.8427
0.086156584,0.004486203,0.135458079,0.615551969,0.075127928,0.060065951,0.023153286,-1.452313039,24.88809451,194.3174123,0.008342165,-87.15859
0.085987709,0.014753648,0.458946467,0.224177596,0.137152717,0.043679157,0.035302707,0.068341097,25.22201441,197.9588258,0.012058116,35.10554
0.146602881,0.012177601,0.583528349,0.035295279,0.166596089,0.027224235,0.028575565,0.245856489,25.35651707,205.6258181,0.012039352,67.79001
0.513389504,0.003501605,0.245712093,0.143245018,0.029368299,0.039071999,0.025711481,-3.635422181,25.22312284,221.0909583,0.005806861,134.36949
0.371774345,0.014698229,0.422187549,0.016256125,0.115095326,0.039745966,0.02024246,-1.878807676,25.30160959,221.4119337,0.009788571,49.632
0.03409765,0.018009161,0.559836419,0.169389449,0.186361183,0.023278596,0.009027542,0.744216057,25.28239994,201.1326005,0.012074435,48.421
0.112908097,0.006207956,0.391282159,0.370520094,0.051058749,0.015180544,0.052842401,-0.593646776,25.24507566,182.3783072,0.007945092,16.948
0.127352627,0.003622367,0.427614244,0.192629532,0.157491508,0.043775143,0.047514579,-0.169739491,25.13916936,203.6856975,0.012094558,27.842
0.090871787,0.025778001,0.735281361,0.064394521,0.009635711,0.043201583,0.030837036,0.774798241,25.79315868,174.3137106,0.008960872,124.685
0.083836018,0.016640431,0.104688852,0.705470894,0.027263302,0.0292672,0.032833302,-1.747658892,24.92853875,183.5871404,0.00683328,-87.159
0.514814135,0.018799461,0.16434502,0.169964305,0.0826791,0.042740595,0.006657384,-3.922854099,25.07255294,234.1922842,0.007312786,-18.158
0.065455112,0.006801228,0.518711124,0.079956876,0.260891771,0.045847883,0.022336006,0.742705652,25.10400837,216.920962,0.014287244,43.579
0.211796955,0.013914213,0.189692904,0.500920228,0.027670219,0.04260153,0.013403951,-2.19225155,25.08572364,196.8065318,0.006303574,-16.948
0.084321723,0.026645817,0.509007828,0.297702341,0.010348204,0.034115879,0.037858207,-0.107387293,25.49214978,175.5767614,0.008611427,48.421
0.047170426,0.014827007,0.481167872,0.304184571,0.080981878,0.015198937,0.056469308,0.251574948,25.30807536,180.3063376,0.010270873,46
0.098407274,0.021597584,0.580422513,0.181198776,0.059725268,0.014825111,0.043823474,0.234169418,25.50206835,181.519218,0.00958888,76.264
0.579441775,0.006826355,0.234621847,0.064595744,0.036849796,0.049142802,0.028521682,-4.004950702,25.22160704,229.1181087,0.006604179,148.896
0.41022835,0.048272363,0.296616243,0.149280951,0.03039087,0.041587671,0.023623551,-2.876924029,25.3254765,214.030383,0.009740274,75.053
0.031625632,0.014024473,0.653653834,0.041832478,0.190745064,0.040895478,0.027223041,1.294245746,25.38191251,199.8231389,0.013838514,81.106
0.009478326,0.024302247,0.348753916,0.557256923,0.027051239,0.00620933,0.026948019,-0.408087582,25.23655222,172.5058347,0.006481851,-30.263
0.148725148,0.016356413,0.490796022,0.111406433,0.189252533,0.029798762,0.013664689,-0.152685714,25.21808926,212.7953596,0.01202389,38.737
0.076895945,0.011421866,0.408326483,0.2626016,0.169754923,0.041073205,0.029925977,-0.022399312,25.10254536,203.4172768,0.01216141,12.105
0.250904523,0.01627364,0.405775362,0.219523843,0.026748467,0.044829651,0.035944515,-1.418010992,25.36998334,195.1644735,0.008422683,42.369
0.035539325,0.022528631,0.655980822,0.142980498,0.053425918,0.035626198,0.053918608,0.990279122,25.58830239,174.6463946,0.011263142,105.317
0.20749906,0.02094547,0.529168532,0.152792493,0.047292888,0.035411557,0.00689,-0.768725505,25.51005484,195.3133437,0.007772861,52.053
0.227721045,0.007200377,0.476143114,0.08778752,0.144023429,0.017976538,0.039147977,-0.697140156,25.26037665,208.500262,0.01059316,47.211
0.271028629,0.010617316,0.523973363,0.021777831,0.041560469,0.111732109,0.019310281,-0.910342559,25.51564627,204.8937579,0.010804644,69.001
0.171697812,0.028858627,0.439527386,0.180348734,0.096431243,0.043966049,0.039170148,-0.619250779,25.30243054,199.442305,0.011962435,37.527
0.316358977,0.014671466,0.313532342,0.205875294,0.104256902,0.034172737,0.011132281,-2.096262391,25.16485949,216.6323425,0.008572118,16.948
0.04024438,0.014700158,0.520662046,0.246582303,0.138076249,0.003410383,0.036324483,0.492749176,25.28241618,189.608991,0.010672125,50.843
0.374139881,0.016759135,0.142410316,0.391186115,0.024288848,0.048509455,0.00270625,-3.373371193,25.089308,213.0757986,0.005836591,64.158
0.327552709,0.013939985,0.399071285,0.080038038,0.120475058,0.02418327,0.034739657,-1.671564774,25.23883041,215.8668474,0.00997663,38.737
0.29914932,0.036719599,0.435644052,0.120785588,0.024842938,0.0353908,0.047467703,-1.567719054,25.44895551,197.7820189,0.010321345,88.369
0.223744039,0.012219722,0.527494894,0.053627052,0.105110068,0.04387579,0.033928434,-0.540588448,25.39756157,203.9680229,0.010848868,59.316
0.275762632,0.026981251,0.260049573,0.31538722,0.055501384,0.042367326,0.023950615,-2.15362637,25.1678794,205.713001,0.008991894,20.579
0.538842642,0.057533478,0.252545417,0.032530019,0.051436988,0.040289324,0.026822132,-3.736803593,25.28704222,229.6192419,0.010316136,59.316
0.435214672,0.014360136,0.252786062,0.131956701,0.104074257,0.042862627,0.018745544,-2.973799823,25.11765404,228.001066,0.008645495,29.053
0.246366675,0.014751396,0.502569037,0.053816502,0.045063081,0.106409554,0.031023755,-0.807007721,25.47380893,202.1575549,0.011558759,67.847
0.121282177,0.011770315,0.551848987,0.070038864,0.154192986,0.063789219,0.027077452,0.310777303,25.33028678,205.030907,0.012947689,61.548
0.01113381,0.012954912,0.692363621,0.007362021,0.206765897,0.022404583,0.047015156,1.66871603,25.38672774,196.4939814,0.014607803,75.217
0.020349674,0.001356993,0.547455886,0.188438096,0.135542125,0.042504285,0.064352941,0.958367694,25.28215852,186.9346554,0.012762275,64.789
0.065455112,0.006801228,0.518711124,0.079956876,0.260891771,0.045847883,0.022336006,0.742705652,25.10400837,216.920962,0.014287244,40.282
0.074850837,0.009019493,0.665893845,0.07556496,0.073620093,0.079043734,0.022007038,0.831595972,25.5859165,187.6081781,0.011056083,86.213
0.012531985,0.005810081,0.391536811,0.217836028,0.312511999,0.036597236,0.02317586,0.655576819,24.84245878,221.6311035,0.014500269,0.479
0.096816913,0.009624014,0.458052096,0.18732668,0.143214802,0.068333786,0.036631708,0.093546089,25.20898097,201.6723686,0.012792009,47.356
0.016605994,0.003104879,0.78537659,0.005711248,0.085924701,0.058913859,0.044362729,1.759128155,25.68101538,178.5317245,0.011590015,132.667
0.057851144,0.011734705,0.606098532,0.023935165,0.224418381,0.056048192,0.019913881,1.049793385,25.27991441,210.3323153,0.014496402,52.387
0.018579317,0.011040144,0.521952179,0.139341916,0.255232856,0.032278724,0.021574863,0.967919378,25.10810551,210.885374,0.01418572,43.579
0.033775342,0.009534733,0.61967136,0.086337819,0.163659342,0.064166598,0.022854806,1.105366032,25.37722223,198.2076406,0.013301193,72.229
0.081246735,0.006518557,0.450330864,0.206580382,0.177772034,0.069613709,0.00793772,0.119304579,25.15512267,208.9554198,0.01221412,24.211
0.027092775,0.006791126,0.51707824,0.077788047,0.324058162,0.023978865,0.023212786,1.089655379,24.99289921,222.0462765,0.015015912,37.527
0.028202834,0.005620912,0.538354015,0.188547867,0.154735871,0.063745666,0.020792836,0.769565287,25.2785475,197.3431399,0.012332391,51.65
0.112070524,0.002072783,0.536026008,0.104927941,0.146866717,0.069871031,0.028164997,0.307973051,25.30335217,203.1458356,0.012252058,53.667
0.031753155,0.002174748,0.375813498,0.230336039,0.305710427,0.043626599,0.010585533,0.420650914,24.84079132,224.1146444,0.013757693,-0.807
0.085282199,0.009785471,0.698269225,0.054882977,0.03157362,0.105514124,0.014692385,0.813379969,25.70238841,184.1498172,0.010532958,106.124
0.006532084,0.002526126,0.427887019,0.234258556,0.284229827,0.035028215,0.009538174,0.691330105,24.93343712,216.9580038,0.013450678,11.702
0.080096969,0.016953376,0.607875225,0.073985247,0.135676726,0.062777574,0.022634883,0.696208798,25.42887869,198.1237655,0.012883448,74.65
0.112193839,0.007821875,0.338217393,0.17618427,0.305996099,0.051256735,0.008329789,-0.195009266,24.82620723,233.0117547,0.013589218,-12.509
0.134022069,0.001811092,0.474088212,0.114323308,0.192829875,0.068686765,0.014238679,-0.010698727,25.16831859,214.8742369,0.012428926,32.281
0.313592956,0.015157919,0.458409203,0.017104626,0.061948125,0.102916198,0.030870973,-1.337832626,25.41159358,211.2970247,0.0115447,72.229
0.011192968,0.006622054,0.498588373,0.208470592,0.179311795,0.057705776,0.038108443,0.842713799,25.17539368,198.26465,0.013562293,48.825
0.012776568,0.014406435,0.769286978,0.048275397,0.029662717,0.106534126,0.019057779,1.537774515,25.78024036,176.2675866,0.011351377,121.861
0.196901395,0.005783009,0.551230052,0.070224123,0.065233796,0.093630217,0.016997407,-0.353558297,25.48565788,200.277422,0.010455327,63.755
0.098502848,0.014780546,0.531657144,0.046045155,0.251058939,0.038021494,0.019933874,0.537354882,25.15812938,218.0148257,0.014222517,47.211
0.204901129,0.010057495,0.260482018,0.399296641,0.061368841,0.040643726,0.02325015,-1.716429691,25.11324423,199.4499,0.007773651,-14.123
0.109461809,0.013468455,0.738839675,0.02901677,0.04390064,0.033549402,0.03176325,0.774277475,25.73197883,180.0681981,0.008735881,120.65
0.246137361,0.014891166,0.548584192,0.043480577,0.088100764,0.029742968,0.029062972,-0.694125412,25.46272277,202.2469296,0.009717253,71.825
0.040392528,0.016721698,0.035211585,0.618133143,0.225633392,0.038746528,0.025161125,-1.221291355,24.53330326,215.2092897,0.011859331,-136.387
0.099009905,0.017280512,0.496240867,0.252762497,0.065740764,0.042505923,0.026459532,-0.108573626,25.39050059,187.651058,0.009559398,47.211
0.209078867,0.025541039,0.111217898,0.539143907,0.067350295,0.027355182,0.020312811,-2.401654264,24.93514088,202.8294341,0.008032352,-56.088
0.313226309,0.011257274,0.261773267,0.261616562,0.101561389,0.032233691,0.018331509,-2.265810929,25.09104143,215.5733165,0.008313908,1.211
0.049414553,0.014533705,0.128593884,0.638257514,0.088658678,0.051190322,0.029351345,-1.231969261,24.85831718,192.5088398,0.009548045,-106.124
0.423354947,0.00183877,0.137770944,0.32879092,0.081720524,0.017294507,0.00922939,-3.541775372,24.9824779,222.9717311,0.005290855,46.807
0.095502802,0.014872634,0.422751596,0.326312795,0.086217875,0.033116015,0.021226283,-0.378265274,25.26178589,191.362375,0.009130239,9.281
0.190531669,0.01370406,0.507165509,0.181990648,0.058968509,0.041769926,0.005869679,-0.709145838,25.44923317,196.3362226,0.007749671,41.158
0.21145474,0.014378083,0.224264063,0.406349204,0.095603865,0.01659915,0.031350895,-1.829972157,25.01599041,203.5613581,0.008462441,-29.86
0.232185701,0.024271545,0.311052685,0.206615077,0.177764046,0.037280007,0.010830938,-1.411048317,25.04101489,222.1551855,0.011427479,-9.281
0.181741177,0.020236379,0.284325561,0.453976707,0.028352105,0.021792887,0.009575184,-1.704383316,25.20840617,191.8293452,0.005883796,-16.544
0.020096753,0.013681686,0.353110246,0.448430069,0.104852762,0.014400849,0.045427634,-0.104866471,25.10249924,184.63042,0.009998094,-13.316
0.081470818,0.01547548,0.39925466,0.267785799,0.192109554,0.022875932,0.021027757,-0.114403011,25.06819213,207.189852,0.011921973,4.439
0.011096065,0.023944585,0.459304415,0.384112546,0.075805904,0.030582544,0.015153942,0.184136628,25.31659847,182.4530019,0.009200581,19.369
0.031568673,0.021391577,0.100600874,0.71221422,0.058213768,0.050286538,0.02572435,-1.359447194,24.8746125,186.8864713,0.008895028,-116.615
0.097691065,0.023721033,0.314237528,0.361515789,0.138126125,0.033541715,0.031166745,-0.647276353,25.05086259,201.1780808,0.011616398,-16.14
0.367370671,0.017172561,0.259523817,0.183829827,0.12923386,0.016403746,0.026465518,-2.513797917,25.06526128,223.1382754,0.009103656,22.193
0.125202942,0.011229417,0.156358619,0.443375256,0.211476837,0.044465926,0.007891003,-1.316148055,24.74016795,220.6556363,0.011035348,-86.755
0.245750691,0.018237968,0.282590818,0.303501085,0.089470644,0.035069885,0.025378909,-1.791635147,25.1225239,207.1576846,0.009190326,-3.228
0.162885788,0.008024004,0.24738552,0.331463259,0.215821915,0.019511881,0.014907632,-1.171600705,24.85177665,220.4483346,0.010685115,-48.421
0.060256744,0.017341539,0.573855116,0.077410838,0.21299068,0.032024676,0.026120407,0.833711221,25.25814519,206.6944899,0.013914612,58.913
0.083376279,0.01329779,0.252186958,0.580295844,0.024460548,0.041395135,0.004987447,-1.246244037,25.13725884,184.6764488,0.00569175,-60.123
0.243253562,0.018777495,0.146519914,0.465260665,0.069879107,0.033167123,0.023142136,-2.410825553,24.97623097,205.6752536,0.008001817,-27.439
0.042738619,0.012855028,0.637487478,0.212803172,0.03679586,0.033518507,0.023801336,0.683107547,25.59471511,175.1322346,0.007588306,89.983
0.496119969,0.017591292,0.280455897,0.060764132,0.119668296,0.011786437,0.013613977,-3.272445515,25.15332341,233.6250323,0.007888283,51.65
0.069101,0.219752,0.051382,0.500731,0.103434,0.046354,0.009247,-1.93963986,25.06109084,209.6499924,0.020345867,49.228
0.039911,0.050822,0.54964,0.075741,0.192768,0.055146,0.035972,0.86449149,25.2975177,204.543063,0.016878661,211.844
0.450117,0.223681,0.162803,0.063451,0.030438,0.048969,0.020541,-3.83349083,25.4291158,229.175163,0.018224159,-24.614
0.184747,0.293067,0.193663,0.196891,0.046029,0.075436,0.010167,-2.18423587,25.4791864,214.496161,0.022845181,109.755
0.291698,0.069758,0.322554,0.152531,0.090175,0.072175,0.001109,-1.96657208,25.2827562,218.998466,0.013201898,118.229
0.06973,0.156063,0.496233,0.119868,0.080747,0.059006,0.018353,-0.03535646,25.5738847,196.705076,0.020532829,255.423
0.261622,0.46956,0.125845,0.078467,0.005101,0.054401,0.005005,-3.283919826,25.74120976,223.02523,0.023393739,143.65
0.289075,0.175652,0.365569,0.072267,0.063759,0.03195,0.001727,-2.057209797,25.53196123,215.5513456,0.01834424,156.966
0.223527,0.057965,0.505885,0.036848,0.036886,0.114811,0.024078,-0.74179825,25.5533614,202.298785,0.014626709,278.02
0.080498,0.115022,0.121678,0.558884,0.063926,0.055683,0.004309,-1.72392042,25.0619577,199.181484,0.01517147,76.667
0.057616,0.2784,0.351306,0.14642,0.099469,0.064446,0.002344,-0.696823913,25.54741655,208.9493141,0.024701062,211.844
0.208567,0.118116,0.184159,0.241121,0.141932,0.095328,0.010778,-1.851180089,25.06931853,225.5711044,0.016790001,64.158
0.364554,0.04491,0.178217,0.268421,0.052722,0.073299,0.017877,-2.98089878,25.125934,218.463634,0.010498409,95.632
0.058262,0.174358,0.592719,0.051265,0.076374,0.036138,0.010885,0.303218847,25.73207117,193.3025837,0.02131087,317.16
0.084932,0.463479,0.271259,0.065924,0.044513,0.067608,0.002285,-1.52469988,25.8119551,212.910218,0.02636991,303.845
0.085203,0.372057,0.07123,0.349678,0.041943,0.076129,0.00376,-2.23597367,25.4186878,211.322329,0.024085791,62.141
0.070105,0.077528,0.0817,0.492838,0.204416,0.059342,0.01407,-1.326532707,24.73440163,219.6014596,0.015175858,54.474
0.082309,0.054142,0.647993,0.067511,0.057054,0.058386,0.032605,0.61998091,25.6489912,185.192359,0.013990666,310.704
0.051006,0.065805,0.349666,0.224738,0.242664,0.049487,0.016634,-0.0018604,24.9995474,218.809166,0.016598675,81.106
0.207573,0.080264,0.436285,0.109973,0.075384,0.067612,0.022909,-0.97219589,25.4297782,205.416683,0.015170821,191.668
0.441213,0.108449,0.121509,0.199762,0.060999,0.060989,0.007077,-3.780961432,25.16335403,230.6525843,0.013114695,65.772
0.275504,0.067528,0.083976,0.357434,0.137289,0.06472,0.013549,-2.67574586,24.8855211,226.721586,0.012809702,52.457
0.556342,0.07949,0.202603,0.052883,0.025068,0.045679,0.037936,-4.075028175,25.29372531,227.9485231,0.011416173,-85.141
0.101708,0.068869,0.542003,0.020667,0.115434,0.132368,0.01895,0.345997116,25.46713627,206.5581456,0.017834946,280.844
0.143138,0.192455,0.165914,0.341689,0.090535,0.056399,0.00987,-1.8761969,25.2112275,211.93136,0.019611849,59.316
0.071384,0.098963,0.03438,0.646352,0.072703,0.070888,0.00533,-1.94590868,24.90939,201.452072,0.014375042,90.387
0.08937,0.601351,0.085156,0.153553,0.036939,0.028543,0.005088,-2.56452282,25.7839333,217.907068,0.022642738,186.019
0.540503,0.104048,0.076656,0.185863,0.049549,0.023438,0.019943,-4.59972857,25.1339302,233.480485,0.011473519,-3.228
0.654771,0.127109,0.101591,0.03595,0.028715,0.028704,0.023158,-5.211439073,25.26506713,241.1273653,0.012091754,-290.932
0.332104,0.301562,0.090422,0.174409,0.027889,0.061328,0.012286,-3.54640578,25.4264505,225.04463,0.020732969,1.211
0.165397,0.234499,0.346496,0.077034,0.056254,0.101648,0.018672,-1.24630411,25.566393,210.807031,0.02275416,231.616
0.073905,0.046779,0.253699,0.329549,0.252213,0.043643,0.000212,-0.57648241,24.8480663,223.964165,0.014377288,53.667
0.054409,0.123409,0.454438,0.076115,0.205475,0.063367,0.022787,0.30831887,25.2766576,214.930431,0.020139719,189.247
0.034296,0.102613,0.238585,0.539321,0.035687,0.028093,0.021404,-1.031700002,25.21080561,184.042455,0.014110288,77.928
0.125894,0.647431,0.099607,0.049308,0.021375,0.048044,0.008341,-2.74297834,25.9061411,222.027552,0.019894705,280.666
0.204017,0.076764,0.045826,0.56981,0.042811,0.052846,0.007926,-2.76098859,24.9722374,205.212931,0.011391094,83.135
0.270462,0.270842,0.314781,0.033877,0.048689,0.051678,0.009671,-2.21169256,25.6229486,217.765866,0.022417553,187.495
0.584114,0.199064,0.07005,0.056166,0.021483,0.03848,0.030643,-4.96719464,25.3181329,237.769804,0.015559385,-232.219
0.077646,0.501814,0.148681,0.166117,0.038849,0.06464,0.002253,-2.05084256,25.7161388,214.702334,0.024832375,186.261
0.151923,0.147859,0.238737,0.213672,0.201031,0.044216,0.002562,-1.32700115,25.0790614,227.489301,0.018309631,49.933
0.320556,0.13623,0.247204,0.117541,0.038046,0.118514,0.02191,-2.445048705,25.36351284,219.1969218,0.017202382,131.826
0.186862,0.413368,0.202649,0.062669,0.028815,0.094408,0.01123,-2.279090071,25.6990337,219.2413638,0.023971639,210.829
0.255971,0.166249,0.059708,0.392312,0.043337,0.077384,0.005039,-3.04545595,25.1434947,216.603023,0.016862374,52.058
0.21233,0.187874,0.246289,0.266454,0.025918,0.057346,0.003789,-2.15405202,25.4302699,206.698268,0.018881164,100.677
0.462393,0.099122,0.241944,0.060517,0.105753,0.009942,0.020329,-3.33217287,25.2320954,232.098971,0.013020034,-82.368
0.14456,0.045957,0.047673,0.466975,0.168174,0.116849,0.009813,-1.844915725,24.72781457,224.4808145,0.013498779,56.012
0.191064,0.053198,0.454094,0.04195,0.141243,0.093385,0.025066,-0.50957962,25.3098728,215.278128,0.015603548,186.95
0.035624,0.060879,0.492321,0.305053,0.041919,0.022067,0.042136,0.151829782,25.45607026,176.964712,0.012538277,159.76
0.204588,0.149347,0.461822,0.011528,0.10687,0.045041,0.020805,-0.895978634,25.51748088,211.7435813,0.01929094,219.316
0.250678,0.137182,0.26374,0.175627,0.11556,0.036928,0.020286,-1.963362127,25.24201916,218.8072042,0.017078772,59.215
0.058311,0.180356,0.364918,0.153579,0.202232,0.032261,0.008343,-0.29880479,25.257293,217.609285,0.021229021,119.382
0.202068,0.08692,0.185586,0.378145,0.084317,0.055205,0.007758,-2.058791889,25.10665271,210.7003377,0.013656046,66.397
0.111376,0.177746,0.064457,0.386738,0.198355,0.05671,0.004618,-1.80788778,24.8891936,228.239556,0.018447672,30.736
0.077108,0.155753,0.477781,0.012808,0.075617,0.166009,0.034924,0.18134064,25.5600982,204.298124,0.022396029,274.875
0.35666,0.104227,0.07992,0.348836,0.03876,0.065328,0.006268,-3.517603188,25.11186681,220.2608253,0.012895636,69.091
0.050865,0.252567,0.464227,0.055811,0.12602,0.03908,0.01143,-0.10923335,25.6056251,206.793357,0.024758465,256.055
0.04615,0.232459,0.449253,0.19457,0.046312,0.019918,0.011338,-0.40309724,25.6722834,190.707698,0.02312986,218.174
0.169557,0.049322,0.020714,0.551078,0.053041,0.156094,0.000194,-2.38519591,24.8877098,212.476167,0.012544249,31.456
0.181114,0.17648,0.361954,0.194388,0.030928,0.044577,0.010558,-1.470660421,25.54132604,200.7876878,0.019084709,161.695
0.212647,0.089067,0.39614,0.091335,0.174221,0.021346,0.015243,-1.042914843,25.24403434,220.0651621,0.015701189,110.731
0.457912,0.361077,0.054673,0.06063,0.005977,0.043771,0.01596,-4.5703154,25.5358996,234.203084,0.020061728,-96.511
0.040799,0.060428,0.415902,0.161506,0.29078,0.013895,0.016689,0.385523986,24.9987606,221.6254816,0.016580746,69.668
0.363113,0.117292,0.396911,0.038085,0.030696,0.031191,0.022711,-2.291985872,25.54430544,211.1318031,0.014820583,149.873
0.189472,0.047624,0.148096,0.499126,0.049311,0.057648,0.008722,-2.191185261,25.04736775,202.4420474,0.010079831,75.458
0.247234,0.044173,0.205272,0.294378,0.113326,0.075981,0.019636,-2.00072024,25.0331108,217.72155,0.01237722,79
0.131495,0.050645,0.32488,0.177809,0.230363,0.069862,0.014946,-0.54543487,24.9902341,225.440775,0.01539362,76.668
0.034999,0.056175,0.753579,0.06023,0.03833,0.030601,0.026085,1.17002883,25.80433,174.7595228,0.012119624,315.171
0.045999,0.306846,0.273846,0.245634,0.074193,0.052398,0.001084,-1.08770241,25.5233684,205.316233,0.025082227,147.896
0.116421,0.177994,0.317629,0.113248,0.129421,0.130185,0.015102,-0.75819079,25.3246608,218.983959,0.021031537,155.802
0.740575,0.110844,0.031739,0.051331,0.029678,0.016683,0.01915,-6.02462059,25.1753605,248.455315,0.009989286,-443.544
0.070367,0.107514,0.514381,0.217578,0.039344,0.023075,0.02774,-0.07992204,25.57772468,183.1785932,0.015647331,198.442
0.062006,0.354561,0.00402,0.436243,0.028106,0.108972,0.006091,-2.307267477,25.32075342,209.6184286,0.023343163,51.104
0.089778,0.386016,0.192687,0.161239,0.082618,0.080139,0.007522,-1.62993562,25.53602494,217.4478104,0.024323349,155.638
0.333374,0.10101,0.347559,0.038058,0.127018,0.021953,0.031028,-2.01080582,25.2964054,222.725106,0.015304384,54.99
0.04712,0.229835,0.187659,0.278544,0.192457,0.059598,0.004786,-0.991681522,25.11724822,222.6529437,0.021516153,57.927
0.174557,0.252405,0.335722,0.088981,0.124805,0.018706,0.004824,-1.43905057,25.4791819,218.299661,0.022472893,138.088
0.359886,0.272395,0.207005,0.053116,0.04373,0.043953,0.019915,-3.15755736,25.5125161,224.799172,0.020768055,61.225
0.312155,0.333274,0.182517,0.064572,0.009552,0.085315,0.012615,-3.07535259,25.6174641,222.551479,0.02235835,129.598
