Fe,Mn,Ni,Co,Cr,V,Al,D1,D2,D10,D16,D19,D21,class
0.142857143,0.142857143,0.142857143,0.142857143,0.142857143,0.142857143,0.142857143,-0.905714286,-0.235714286,24.95714286,212.5714286,9.224081633,0.018053061,2
0.202865714,0.025391378,0.365390642,0.296459966,0.054368812,0.03207734,0.023446148,-1.329041122,0.309953679,25.28154144,196.6484077,5.592469023,0.008799356,2
0.182712435,0.006847017,0.510895452,0.071239608,0.161000775,0.038694778,0.028609935,-0.243460272,0.592230465,25.2744507,209.6441073,7.494017732,0.011568831,2
0.035201282,0.015630241,0.72472103,0.141415938,0.030501083,0.008102075,0.044428351,1.100699989,2.067335825,25.70454466,168.0854549,3.678665719,0.007628942,2
0.227772892,0.014223766,0.531015073,0.100751057,0.063309817,0.0124716,0.050455796,-0.671742775,1.019289745,25.45599607,193.0851723,6.754084123,0.009168268,2
0.085646457,0.014145748,0.427234286,0.330437288,0.075738034,0.034579185,0.032219001,-0.27568365,0.726304823,25.2728366,187.6729655,5.552094741,0.009406383,1
0.575419142,0.039981163,0.238784553,0.051484033,0.028441536,0.030001878,0.035887695,-4.035375246,-0.650371199,25.28182267,226.581065,6.184354634,0.008482417,2
0.432579555,0.008088662,0.368856606,0.066830208,0.052774487,0.042640421,0.028230061,-2.577411882,-0.08475629,25.32958472,216.344656,7.063266325,0.00771178,2
0.469955181,0.025624175,0.239586514,0.152835294,0.047606917,0.039406701,0.024985218,-3.382388214,-0.588322104,25.20842445,221.5462114,5.686593524,0.008082394,2
0.117748226,0.022803838,0.334115989,0.404400035,0.062361731,0.032364649,0.026205533,-0.92686659,0.357742445,25.19785156,190.457014,5.040944142,0.008988191,1
0.246177103,0.021847528,0.169421006,0.436356272,0.10722257,0.01520065,0.003774871,-2.367190352,-0.609391035,24.96529302,212.3589599,3.551895959,0.007726289,0
0.176802946,0.012324461,0.368017854,0.134126388,0.253783267,0.032606163,0.022338921,-0.580231007,-0.117452403,24.95913315,226.8976955,7.11580456,0.01289783,1
0.312327118,0.016109903,0.432720803,0.065662209,0.11014232,0.045334023,0.017703625,-1.506409853,0.131046896,25.30909778,215.956506,7.173957232,0.01004701,2
0.063647848,0.008950792,0.580374668,0.18648233,0.092532262,0.040427541,0.02758456,0.528495972,1.191523465,25.43570124,187.0656207,5.865615954,0.00996288,2
0.205905343,0.025616751,0.495901013,0.149217775,0.04680422,0.031296743,0.045258155,-0.727441241,0.887229627,25.4506365,191.5990038,6.563669083,0.010100928,2
0.198630537,0.024444016,0.062086113,0.587494347,0.083540565,0.028029721,0.015774702,-2.515984216,-0.792319388,24.84499444,205.7319326,2.516142645,0.008063705,0
0.091894783,0.028610741,0.165163169,0.546975884,0.107206842,0.03215447,0.027994112,-1.34152299,-0.257005537,24.91080538,198.0590973,4.009599511,0.010403924,0
0.052117034,0.015029174,0.068070104,0.724747285,0.076483833,0.032077726,0.031474844,-1.570618985,-0.404458882,24.79626712,189.7444096,2.774872937,0.008318745,0
0.050528742,0.013527299,0.244752895,0.461381073,0.193616035,0.028056661,0.008137295,-0.615392964,-0.223181313,24.86112757,208.4862876,4.507466997,0.01088991,0
0.048492714,0.015519237,0.543224396,0.282199039,0.041601644,0.010390484,0.058572487,0.382771552,1.490475849,25.44751147,172.4288777,4.850709091,0.008879078,2
0.112913522,0.002697177,0.68612548,0.040955763,0.077557373,0.056820954,0.022929732,0.661659921,1.415411271,25.60547114,189.0465583,6.318629806,0.009622114,2
0.693824838,0.030036667,0.130880216,0.095937894,0.02798149,0.013657233,0.007681661,-5.332038442,-1.332665835,25.17813122,239.4712043,3.471501629,0.005153712,0
0.520309319,0.027837701,0.135176451,0.158611283,0.130221279,0.013127992,0.014715975,-3.98170268,-1.207308558,24.97073003,240.0810863,3.999749105,0.008154178,0
0.092253993,0.016022745,0.345046883,0.312503368,0.196504812,0.02911092,0.008557278,-0.432414881,0.025104304,25.00329077,211.4486964,5.627631691,0.011497732,1
0.15485776,0.01705369,0.610339408,0.127642221,0.045249991,0.030097926,0.014759003,-0.107820354,1.191633784,25.5917585,187.7142933,5.674755144,0.007667678,2
0.154710106,0.015237893,0.485335837,0.227474204,0.050419595,0.021136965,0.045685401,-0.478036997,0.975698904,25.39927952,186.355284,5.975568235,0.008850372,2
0.412464126,0.020086411,0.156049874,0.340392144,0.023760486,0.033868926,0.013378032,-3.528475889,-0.752337551,25.11645304,214.0480947,3.899573827,0.006010928,2
0.303680105,0.025902752,0.340058815,0.130894077,0.149316444,0.035622643,0.014525164,-1.774524153,-0.250293882,25.14290712,222.9594041,6.436805241,0.010892783,1
0.052693524,0.017162377,0.503376074,0.137521252,0.251326436,0.026218519,0.011701818,0.613916298,0.516507648,25.11455163,214.3053767,6.958438349,0.013722095,2
0.340046755,0.018559403,0.43624303,0.11325525,0.02374892,0.036845925,0.031300718,-1.86046001,0.40666124,25.44624985,202.0657274,6.808127202,0.007913802,2
0.220441161,0.001317009,0.437418658,0.047598981,0.227126863,0.052231741,0.013865587,-0.603722646,-0.005572086,25.09296564,227.3696829,7.670602851,0.01211794,2
0.028030413,0.01230379,0.366399224,0.438949343,0.077466018,0.04315286,0.033698352,-0.158223863,0.607907432,25.17108105,184.1809769,5.094577692,0.009656834,1
0.05388773,0.027809157,0.277264454,0.546783884,0.057516959,0.03053172,0.006206095,-0.913191375,0.180884577,25.13137792,186.8576971,3.709884376,0.007906097,0
0.344993785,0.035595485,0.163084375,0.280917172,0.145661639,0.021271836,0.008475708,-2.827967703,-0.901002321,24.94745035,228.362679,4.067115267,0.009818221,0
0.357797874,0.011656179,0.066981963,0.447579398,0.08623231,0.014552433,0.015199842,-3.430104284,-1.025405151,24.87488706,218.5351608,2.732831134,0.006258688,0
0.289207985,0.011638103,0.534392664,0.037785592,0.045133345,0.054558721,0.027283591,-1.068475906,0.698611526,25.52031571,201.2957447,7.299274619,0.008952153,2
0.083158975,0.022860837,0.284851335,0.41317676,0.138922543,0.03179847,0.02523108,-0.714431893,0.067459836,25.00920307,200.8289745,5.166700736,0.011153959,0
0.223744039,0.012219722,0.527494894,0.053627052,0.105110068,0.04387579,0.033928434,-0.540588448,0.720793102,25.39756157,203.9680229,7.441060269,0.010848868,2
0.200270633,0.012735615,0.169446713,0.478007735,0.097772237,0.025870359,0.015896709,-2.034758559,-0.459267325,24.94585599,205.9539844,3.898758008,0.007833866,0
0.069149225,0.024815925,0.398875393,0.293083875,0.159813354,0.039889343,0.014372885,-0.137392018,0.330696281,25.13215184,203.3330335,5.86640933,0.012139198,1
0.030328106,0.023376584,0.283583841,0.547625971,0.065279104,0.030246913,0.019559481,-0.660272352,0.308042906,25.10619265,184.3794745,4.038570342,0.008572645,0
0.071185334,0.018785099,0.418480986,0.376560117,0.054795874,0.032597357,0.027595232,-0.321144217,0.750211834,25.29806732,183.5559805,5.051060815,0.008683468,2
0.110252919,0.011568327,0.016325549,0.733742307,0.074132839,0.043077504,0.010900555,-2.194398545,-0.829178035,24.75821974,198.0830296,1.606450166,0.007114871,0
0.040132876,0.016908781,0.706307056,0.056379448,0.147251688,0.015780339,0.017239813,1.221408461,1.529753482,25.52595882,191.6058743,5.694784966,0.011197059,2
0.35103238,0.02750127,0.205947377,0.280019279,0.107199938,0.024381211,0.003918546,-2.803718699,-0.708414601,25.0535803,222.2338012,4.345935576,0.008435789,1
0.254403093,0.013892386,0.366303723,0.136133243,0.156490018,0.044849546,0.027927992,-1.260891353,-0.033599415,25.12634748,218.2498472,7.03301866,0.011351919,1
0.132225973,0.02782097,0.187775204,0.548079972,0.049553889,0.048195069,0.006348924,-1.711800769,-0.292130419,25.05218633,195.2661363,3.459146881,0.008190006,0
0.028041556,0.028256307,0.101784207,0.67968748,0.131363803,0.015144609,0.015722038,-1.266056171,-0.430414852,24.77815193,197.0201588,2.684149804,0.009699963,0
0.098502848,0.014780546,0.531657144,0.046045155,0.251058939,0.038021494,0.019933874,0.537354882,0.541907228,25.15812938,218.0148257,7.767944117,0.014222517,2
0.154352652,0.026464834,0.223374159,0.346669612,0.215471581,0.016243326,0.017423836,-1.237175265,-0.451194414,24.84435211,220.3562144,4.999504251,0.011837878,0
0.513389504,0.003501605,0.245712093,0.143245018,0.029368299,0.039071999,0.025711481,-3.635422181,-0.584534236,25.22312284,221.0909583,5.805804544,0.005806861,2
0.115765815,0.01510676,0.52674916,0.221256305,0.051389449,0.065140244,0.004592268,-0.167761716,0.80345752,25.46883828,190.35749,5.744087704,0.008735385,2
0.313925995,0.017216851,0.258268786,0.168297374,0.179012143,0.037459889,0.025818963,-2.016348865,-0.54618846,24.97548889,228.5401629,6.170518553,0.010970582,1
0.500927338,0.012087996,0.168143498,0.161534379,0.127428539,0.021277737,0.008600512,-3.735140148,-1.108202918,24.9928214,237.9558956,4.285613724,0.007284262,0
0.045295748,0.012569225,0.240692884,0.477017966,0.182878592,0.035433711,0.006111874,-0.623300055,-0.235275897,24.87090167,207.0840405,4.386018425,0.010716757,0
0.202865714,0.025391378,0.365390642,0.296459966,0.054368812,0.03207734,0.023446148,-1.329041122,0.309953679,25.28154144,196.6484077,5.592469023,0.008799356,1
0.347520188,0.028493586,0.065361029,0.390307515,0.138821877,0.021260815,0.00823499,-3.258949454,-1.210805122,24.82091805,228.4882843,2.559557272,0.008722589,0
0.149949122,0.022680445,0.274299451,0.410165549,0.080462946,0.048883453,0.013559034,-1.32607218,-0.068320226,25.1116532,199.8442244,4.796779354,0.009402672,0
0.168495013,0.010417674,0.059385564,0.527824384,0.192196767,0.02815616,0.013524436,-2.034391311,-1.015380147,24.64978205,220.6591915,2.730625736,0.009681258,0
0.007229544,0.027796477,0.164107525,0.694154097,0.054838311,0.030791306,0.02108274,-1.045278218,-0.016731512,24.96537538,182.3786859,3.01852384,0.008404424,0
0.103261933,0.028010424,0.29018623,0.538863924,0.013553766,0.019801307,0.006322417,-1.299019006,0.274323601,25.22809235,182.8488219,3.536705595,0.005688825,0
0.077731069,0.024005647,0.60820121,0.147971378,0.08069347,0.043035261,0.018361966,0.474126791,1.215974332,25.5222355,187.8634824,5.77658455,0.010559077,2
0.02529435,0.027496504,0.223392132,0.622837906,0.055418621,0.03864806,0.006912428,-0.952055987,0.038295939,25.05583225,185.3305139,3.265062469,0.008111919,0
0.585251719,0.031141104,0.133960775,0.089334817,0.12788355,0.018938927,0.013489108,-4.362872278,-1.350206336,24.99841128,246.2775136,3.955834075,0.008143026,0
0.009633686,0.01442455,0.277378352,0.594288697,0.045795442,0.032380759,0.026098515,-0.576777493,0.409245487,25.10400459,178.4722658,3.874242995,0.00749738,0
0.091217163,0.014511506,0.337149196,0.441602307,0.058567105,0.025706482,0.031246241,-0.756213334,0.479974698,25.18339861,185.9320868,4.86833593,0.008102849,1
0.034255727,0.022671796,0.152504023,0.668995221,0.099740419,0.015263593,0.006569221,-1.222957703,-0.248019382,24.89051384,192.2599496,2.724862687,0.007918418,0
0.336719021,0.023758279,0.361880935,0.156577287,0.047680377,0.036925265,0.036458836,-2.058367216,0.135165702,25.317395,206.5342055,6.680918556,0.009145948,2
0.058793815,0.01547936,0.444382718,0.230357654,0.204670555,0.024277627,0.02203827,0.247216997,0.490521702,25.10075369,206.6446206,6.445649279,0.012583151,1
0.088969711,0.025354784,0.391233679,0.381956811,0.061547933,0.030592228,0.020344855,-0.563283838,0.570782365,25.27185728,187.5221749,4.96986533,0.008939112,1
0.205432247,0.011620113,0.115839067,0.565680681,0.049831384,0.032589395,0.019007113,-2.391308908,-0.532179483,24.94675823,199.4167151,3.206042494,0.006501417,0
0.059221112,0.01481307,0.54818408,0.086432273,0.246173361,0.032629773,0.01254633,0.768557277,0.652573358,25.17910038,213.7530608,7.256607676,0.013862138,2
0.046321472,0.014740861,0.465495453,0.318867166,0.088405559,0.043710569,0.02245892,0.120758622,0.807800066,25.29943919,187.5312574,5.469424618,0.009908518,2
0.352766038,0.01241352,0.302436589,0.167426883,0.127321243,0.029837513,0.007798214,-2.30991759,-0.425123888,25.12494062,223.7042722,5.792519754,0.008577843,1
0.479664397,0.027415792,0.222482843,0.233761727,0.004206728,0.024339757,0.008128755,-3.756119494,-0.612038915,25.26549733,215.9248216,4.537450674,0.005437808,2
0.252436918,0.015026348,0.458265323,0.01295407,0.204010504,0.031255519,0.026051317,-0.777352016,0.190268454,25.17549452,223.7510752,7.89761166,0.012366412,2
0.074726911,0.013722099,0.424770256,0.386787063,0.042407056,0.03359267,0.023993945,-0.361352678,0.773209587,25.32055487,181.9191629,4.886568651,0.00757547,1
0.349149656,0.032105798,0.338022017,0.147819321,0.062974216,0.041684858,0.028244134,-2.220318042,-0.071475371,25.2850929,212.1615053,6.499746086,0.009904314,2
0.246084522,0.012240791,0.253061633,0.335056613,0.104501048,0.03258446,0.016470933,-1.914894177,-0.297809228,25.05779098,210.4730434,5.076450288,0.008505477,0
0.096208843,0.014591655,0.347910994,0.462271711,0.032519084,0.015145701,0.031352012,-0.842398969,0.602706156,25.23695916,180.9869129,4.516520445,0.006603027,1
0.080373639,0.029990098,0.286395158,0.402497276,0.157979276,0.017623237,0.025141317,-0.680163315,0.07043328,24.99111956,202.869253,5.148809891,0.011676146,0
0.547092171,0.014426287,0.134543646,0.155595135,0.08764811,0.031775759,0.028918891,-4.132894956,-1.12052427,25.0150279,234.919319,4.626053543,0.007412857,1
0.035336113,0.016513945,0.226093508,0.489783908,0.178767508,0.029720716,0.023784303,-0.57079034,-0.136035604,24.84984354,203.6582598,4.684597356,0.011459458,0
0.460595656,0.004565762,0.35951156,0.00149088,0.124383582,0.043042407,0.006410153,-2.670901991,-0.467966696,25.22627514,232.896446,6.82968445,0.008276181,2
0.062773398,0.00150408,0.43704788,0.248187749,0.179230029,0.048277744,0.02297912,0.199546537,0.460379041,25.11144564,204.1495249,6.537954974,0.011755403,1
0.12660228,0.023180318,0.294870406,0.400138456,0.086767508,0.030728404,0.037712628,-1.017682536,0.225174902,25.10637669,194.5732194,5.358206237,0.010204244,1
0.163696479,0.014588301,0.242312637,0.318544399,0.215922969,0.03329039,0.011644826,-1.184651336,-0.486042164,24.85845551,222.4477285,5.193773374,0.011410213,0
0.390947304,0.026107739,0.301281186,0.081434133,0.137429895,0.03670963,0.026090113,-2.413786242,-0.443328836,25.12998339,228.2431399,6.672036058,0.010638741,1
0.189245896,0.013247673,0.223179968,0.477418512,0.049783464,0.041126655,0.005997833,-1.89891925,-0.250416372,25.09261801,198.5819129,3.940680645,0.006634302,0
0.349875384,0.017248658,0.238761868,0.247088233,0.084969728,0.035738856,0.026317272,-2.578825976,-0.440226731,25.10155496,216.2054652,5.537119235,0.008656454,2
0.380451078,0.023269494,0.138460534,0.306504805,0.137126489,0.012115848,0.002071752,-3.200254169,-1.028988792,24.92331706,229.6829581,3.410956439,0.007984862,0
0.026740607,0.013307418,0.344447649,0.447788634,0.115038535,0.044134323,0.008542834,-0.252564993,0.29418299,25.10249518,193.260683,4.752185463,0.009616093,0
0.094889078,0.015849539,0.681783737,0.121465336,0.011403639,0.043367792,0.031240879,0.54883573,1.676636206,25.70704668,175.1911789,4.959698504,0.007988876,2
0.159597775,0.008850129,0.266305896,0.440115035,0.08025932,0.043246536,0.001625309,-1.473126208,-0.157169815,25.09031268,200.7981442,4.32102139,0.007295959,0
0.199747178,0.016207865,0.493929106,0.215262582,0.004878326,0.064884072,0.005090871,-0.9217905,0.658151154,25.52246018,190.5536298,5.737778678,0.007003295,2
0.341069654,0.015529637,0.199518645,0.17348881,0.234328257,0.030124076,0.00594092,-2.367576647,-1.018230524,24.83294506,242.2334893,4.839324497,0.010470221,0
0.302545073,0.019356253,0.150827475,0.41620661,0.082881835,0.019467638,0.008715116,-2.802422322,-0.696725783,24.98826856,213.3438294,3.56206704,0.007062051,1
0.197035518,0.018126121,0.401549822,0.257705708,0.057103124,0.046520734,0.021958973,-1.101885577,0.384948549,25.31413661,197.1047741,5.953156063,0.008950265,1
0.414459565,0.022822075,0.420346947,0.019158799,0.064163034,0.024633933,0.034415646,-2.258158749,0.174867221,25.39059147,214.4711651,7.442603588,0.009009814,2
0.675937359,0.023611641,0.166803255,0.034859461,0.052366837,0.03049664,0.015924808,-4.921221591,-1.239355263,25.16998742,241.7268865,4.555958268,0.006409286,0
0.119948719,0.027449934,0.186092613,0.524822036,0.084547529,0.047717077,0.009422091,-1.532363687,-0.340338057,24.99137707,199.6389855,3.718999004,0.009407709,0
0.249536286,0.014602118,0.400844544,0.1560784,0.152762268,0.018696894,0.007479491,-1.266911524,0.057939639,25.18610056,216.545532,6.33453157,0.009605509,1
0.027867609,0.015756257,0.352771065,0.370049466,0.154405459,0.049035948,0.030114195,0.003648428,0.335551819,25.04582394,198.1662134,5.816981138,0.012299296,1
0.062518223,0.005494022,0.241539982,0.593411418,0.050622591,0.033339651,0.013074113,-1.067089182,0.108031773,25.06055409,185.420412,3.646816012,0.006030677,0
0.140361768,0.005133806,0.083358934,0.517765907,0.211449347,0.033927821,0.008002416,-1.724252166,-0.978800961,24.63959317,221.8000052,2.916747647,0.009906883,0
0.202865714,0.025391378,0.365390642,0.296459966,0.054368812,0.03207734,0.023446148,-1.329041122,0.309953679,25.28154144,196.6484077,5.592469023,0.008799356,1
0.030328106,0.023376584,0.283583841,0.547625971,0.065279104,0.030246913,0.019559481,-0.660272352,0.308042906,25.10619265,184.3794745,4.038570342,0.008572645,0
0.056531289,0.013997349,0.364109494,0.427461175,0.088936661,0.043068112,0.005895919,-0.43534751,0.355942457,25.17866202,191.5113707,4.7180994,0.008610188,0
0.076199064,0.029571481,0.642181842,0.147779475,0.046649706,0.039611255,0.018007177,0.508216926,1.41919124,25.6252356,181.6194464,5.193608355,0.009661389,2
0.223744039,0.012219722,0.527494894,0.053627052,0.105110068,0.04387579,0.033928434,-0.540588448,0.720793102,25.39756157,203.9680229,7.441060269,0.010848868,2
0.508249602,0.015493889,0.2529149,0.136166335,0.047250004,0.015749806,0.024175464,-3.602670814,-0.53890575,25.22069978,222.248538,5.715537511,0.006300935,2
0.500927338,0.012087996,0.168143498,0.161534379,0.127428539,0.021277737,0.008600512,-3.735140148,-1.108202918,24.9928214,237.9558956,4.285613724,0.007284262,0
0.200270633,0.012735615,0.169446713,0.478007735,0.097772237,0.025870359,0.015896709,-2.034758559,-0.459267325,24.94585599,205.9539844,3.898758008,0.007833866,0
0.067106049,0.008242123,0.730597263,0.050296985,0.075587559,0.035487619,0.032682403,1.091267404,1.770707071,25.65282942,181.4874125,5.351020124,0.009640221,2
0.071185334,0.018785099,0.418480986,0.376560117,0.054795874,0.032597357,0.027595232,-0.321144217,0.750211834,25.29806732,183.5559805,5.051060815,0.008683468,1
0.053784765,0.021528297,0.49728592,0.330738915,0.032237112,0.035376798,0.029048193,0.049751443,1.09642194,25.43265267,177.390202,4.871333594,0.008467404,2
0.255096831,0.010335336,0.579443182,0.037733661,0.042557684,0.055028355,0.019804952,-0.727200143,0.871255578,25.57509153,197.9246991,6.992290026,0.008485079,2
0.270538501,0.020484723,0.360193207,0.223578884,0.053183401,0.026993765,0.045027519,-1.647716213,0.319028417,25.27604757,199.7066143,6.440719197,0.009168007,2
0.163546276,0.014853163,0.428293751,0.208312651,0.104177224,0.04270051,0.038116425,-0.590039253,0.529518815,25.25325986,199.4561847,6.684654268,0.010955301,2
0.261814254,0.014486791,0.535163994,0.070864325,0.045990812,0.020886952,0.050792871,-0.878723147,0.989368351,25.49861441,193.8849778,6.98691804,0.008995014,2
0.132225973,0.02782097,0.187775204,0.548079972,0.049553889,0.048195069,0.006348924,-1.711800769,-0.292130419,25.05218633,195.2661363,3.459146881,0.008190006,0
0.253845935,0.035102637,0.136922796,0.415806086,0.124079449,0.025017103,0.009225994,-2.458846503,-0.777435111,24.91765431,217.2565609,3.516225205,0.009662406,0
0.414459565,0.022822075,0.420346947,0.019158799,0.064163034,0.024633933,0.034415646,-2.258158749,0.174867221,25.39059147,214.4711651,7.442603588,0.009009814,2
0.217792138,0.01695154,0.26469491,0.253371554,0.178748961,0.046994622,0.021446274,-1.432809777,-0.405177542,24.95857659,221.0945862,5.874796037,0.011502741,0
0.083158975,0.022860837,0.284851335,0.41317676,0.138922543,0.03179847,0.02523108,-0.714431893,0.067459836,25.00920307,200.8289745,5.166700736,0.011153959,0
0.464134624,0.022390011,0.302540232,0.075078263,0.063227012,0.045172271,0.027457586,-3.014341663,-0.407826313,25.25932986,222.8266596,6.617121863,0.008825324,2
0.090367274,0.009117212,0.245352654,0.372027881,0.227387971,0.034358941,0.021388067,-0.660337901,-0.313548128,24.80926555,216.6260762,5.392377503,0.011984282,0
0.02529435,0.027496504,0.223392132,0.622837906,0.055418621,0.03864806,0.006912428,-0.952055987,0.038295939,25.05583225,185.3305139,3.265062469,0.008111919,0
0.035326524,0.012395883,0.337024252,0.500962107,0.070215628,0.029542197,0.014533408,-0.469524572,0.443189932,25.15623404,184.7885977,4.269383494,0.007539463,0
0.089275285,0.008778413,0.394700901,0.291627535,0.134718696,0.043375972,0.037523199,-0.206300714,0.476393657,25.13280701,198.1999256,6.332723427,0.01137296,1
0.349149656,0.032105798,0.338022017,0.147819321,0.062974216,0.041684858,0.028244134,-2.220318042,-0.071475371,25.2850929,212.1615053,6.499746086,0.009904314,2
0.133960569,0.006704698,0.534404007,0.065166715,0.213258167,0.039999225,0.006506619,0.182692001,0.497502729,25.22517913,215.9661966,7.324377655,0.012184393,2
0.12660228,0.023180318,0.294870406,0.400138456,0.086767508,0.030728404,0.037712628,-1.017682536,0.225174902,25.10637669,194.5732194,5.358206237,0.010204244,1
0.070360406,0.014195424,0.521154029,0.220756849,0.064059458,0.058469087,0.051004746,0.316673225,1.131701715,25.39905637,183.2374278,6.248297728,0.011435394,2
0.081395261,0.01612097,0.038193423,0.585717286,0.216169532,0.04296742,0.01943611,-1.48949683,-0.999885047,24.56663226,218.1512481,2.717916209,0.011404481,0
0.085987709,0.014753648,0.458946467,0.224177596,0.137152717,0.043679157,0.035302707,0.068341097,0.672289348,25.22201441,197.9588258,6.578096856,0.012058116,2
0.465728753,0.024145432,0.335792736,0.033794105,0.093719671,0.020696104,0.026123199,-2.868039662,-0.307850593,25.25828352,225.6810427,6.876292493,0.008911055,2
0.453728944,0.023022829,0.335225002,0.119937356,0.029297345,0.033471506,0.005317018,-3.055327421,-0.293658916,25.36265635,217.0500744,5.843092586,0.006510275,2
0.110046072,0.026381236,0.539400217,0.237586361,0.044040673,0.033620119,0.008925321,-0.173906595,0.98954448,25.50575177,185.871109,5.186002189,0.008173616,2
0.171697812,0.028858627,0.439527386,0.180348734,0.096431243,0.043966049,0.039170148,-0.619250779,0.565164662,25.30243054,199.442305,6.773423726,0.011962435,2
0.135233539,0.002403456,0.619119136,0.062078985,0.103127659,0.043435965,0.034601259,0.354020734,1.200908951,25.47792148,193.8828484,6.830026931,0.010369847,2
0.50103257,0.00824481,0.172760532,0.156390612,0.119774158,0.031043773,0.010753545,-3.699971719,-1.089607922,25.00425669,237.062412,4.482895349,0.00727449,0
0.267035397,0.036267111,0.275389911,0.328507466,0.039383541,0.035667322,0.017749251,-2.143179966,-0.119620591,25.22636004,202.5541796,5.012494558,0.008739358,1
0.313925995,0.017216851,0.258268786,0.168297374,0.179012143,0.037459889,0.025818963,-2.016348865,-0.54618846,24.97548889,228.5401629,6.170518553,0.010970582,1
0.522928765,0.032718878,0.23120007,0.074822681,0.102874579,0.020403856,0.015051171,-3.665526277,-0.850210491,25.14521485,235.2665976,5.416087878,0.008610249,0
0.217521316,0.012498893,0.537888462,0.050518969,0.084271073,0.063143828,0.034157458,-0.472915744,0.759034772,25.44267303,201.4575249,7.513405062,0.011105529,2
0.009633686,0.01442455,0.277378352,0.594288697,0.045795442,0.032380759,0.026098515,-0.576777493,0.409245487,25.10400459,178.4722658,3.874242995,0.00749738,0
0.115261498,0.00874684,0.266149753,0.474368336,0.086187353,0.042082839,0.00720338,-1.1765872,-0.055187564,25.06429861,197.1754056,4.326549262,0.007777102,0
0.009478326,0.024302247,0.348753916,0.557256923,0.027051239,0.00620933,0.026948019,-0.408087582,0.771591101,25.23655222,172.5058347,3.597420026,0.006481851,0
0.186571997,0.012539445,0.101974474,0.561565964,0.08225568,0.041433654,0.013658786,-2.250113019,-0.681824183,24.87991216,204.6560959,3.025196262,0.007679761,0
0.135464693,0.009354794,0.465214206,0.110440585,0.227384915,0.032304267,0.01983654,-0.02765878,0.331776194,25.1097012,217.5515073,7.323283502,0.012722952,2
0.485482341,0.024273967,0.36173837,0.019156128,0.056585682,0.019418686,0.033344827,-2.951207939,-0.121072599,25.34937198,220.086037,7.169243186,0.008286946,2
0.219700565,0.032250302,0.224980465,0.345957383,0.125962267,0.039222085,0.011926933,-1.841791468,-0.453857864,25.01458288,214.1062812,4.733429382,0.010588112,0
0.055121407,0.012511066,0.448102547,0.268928838,0.139931247,0.043788044,0.031616851,0.194542734,0.664592078,25.19334816,196.0905966,6.262189607,0.011807273,2
0.078443174,0.01926452,0.383442255,0.409659128,0.069552951,0.030531661,0.00910631,-0.559766948,0.481833318,25.24416462,188.8373586,4.671414503,0.007993391,1
0.00701033,0.014565371,0.622040653,0.205300297,0.071510876,0.043966252,0.035606221,1.008011813,1.516584062,25.50837058,177.7348998,5.171721686,0.010446873,2
0.252965748,0.026084651,0.368028512,0.132213353,0.1849564,0.004588057,0.031163279,-1.261175507,0.041613561,25.09778,219.6467924,6.886248875,0.011658462,1
0.111072795,0.032989237,0.251786064,0.311059228,0.274908035,0.010972022,0.00721262,-0.767388589,-0.47025086,24.79453515,226.8670014,5.113575101,0.013129525,0
0.435214672,0.014360136,0.252786062,0.131956701,0.104074257,0.042862627,0.018745544,-2.973799823,-0.65933591,25.11765404,228.001066,5.832409218,0.008645495,2
0.417439783,0.033830687,0.175975283,0.251668681,0.086865027,0.021974722,0.012245817,-3.341562051,-0.825914543,25.06929827,224.4648599,4.30503672,0.008368042,0
0.347520188,0.028493586,0.065361029,0.390307515,0.138821877,0.021260815,0.00823499,-3.258949454,-1.210805122,24.82091805,228.4882843,2.559557272,0.008722589,0
0.12548006,0.028004244,0.384338993,0.324646369,0.094331497,0.028236877,0.01496196,-0.741973466,0.376379878,25.23164034,196.7783956,5.347438969,0.009846145,1
0.146654597,0.009823236,0.359087061,0.295601422,0.140301881,0.011772284,0.036759519,-0.752320352,0.332702271,25.09421311,202.1427788,6.076489853,0.0100703,1
0.042993849,0.018641303,0.361632208,0.37416382,0.133541213,0.032068896,0.036958711,-0.120200644,0.478979257,25.09170182,193.9255621,5.681934719,0.011615478,1
0.37598325,0.023299169,0.270568663,0.224512641,0.058866689,0.028580383,0.018189205,-2.737673898,-0.348223209,25.20312747,214.2503692,5.464385713,0.007800541,2
0.405000035,0.013849748,0.275561215,0.10504813,0.129713161,0.033011831,0.037815881,-2.563277893,-0.4478415,25.08654612,226.4694475,6.759970243,0.009827801,2
0.085987709,0.014753648,0.458946467,0.224177596,0.137152717,0.043679157,0.035302707,0.068341097,0.672289348,25.22201441,197.9588258,6.578096856,0.012058116,2
0.154842836,0.021300605,0.252558946,0.452098682,0.074245506,0.033872628,0.011080797,-1.510324876,-0.10208676,25.09210091,198.4399377,4.331568513,0.008228159,0
0.032288076,0.000803503,0.123745471,0.734533863,0.048872827,0.034549202,0.025207059,-1.316493079,-0.153429024,24.88678223,182.7447921,2.885796871,0.006048429,0
0.314734456,0.018766853,0.433983712,0.116783374,0.064519859,0.018727234,0.032484512,-1.645621849,0.408812251,25.37235167,204.9463248,6.80611367,0.008546032,2
0.483147178,0.029451546,0.29170175,0.08006387,0.04923755,0.039336321,0.027061786,-3.233093115,-0.432816185,25.28217398,222.2390299,6.411965156,0.008672661,2
0.219118513,0.013879323,0.414123463,0.185135999,0.12532258,0.002114393,0.040305729,-0.998438581,0.468809203,25.21295917,204.3525985,6.640809661,0.009796068,2
0.205060741,0.003505517,0.460426992,0.119136982,0.128050944,0.044688389,0.039130436,-0.606463109,0.509643765,25.25424575,206.1663184,7.402871428,0.010895306,2
0.134239582,0.008338211,0.432407391,0.163581582,0.216093522,0.044521563,0.00081815,-0.248723516,0.103073859,25.09472978,218.9290939,6.638208666,0.011866662,1
0.016506159,0.013268661,0.423718139,0.359915574,0.134743047,0.041836546,0.010011874,0.191584563,0.543958742,25.17175038,194.1645286,5.313292178,0.010487817,1
0.163696479,0.014588301,0.242312637,0.318544399,0.215922969,0.03329039,0.011644826,-1.184651336,-0.486042164,24.85845551,222.4477285,5.193773374,0.011410213,0
0.003584758,0.009795423,0.686472043,0.179994813,0.048597561,0.044045855,0.027509547,1.192664121,1.74676993,25.62318473,173.30239,4.503759421,0.008661186,2
0.508249602,0.015493889,0.2529149,0.136166335,0.047250004,0.015749806,0.024175464,-3.602670814,-0.53890575,25.22069978,222.248538,5.715537511,0.006300935,2
0.372216473,0.024882761,0.194991173,0.315325847,0.029530041,0.038641432,0.024412274,-3.058536898,-0.516339652,25.14739933,210.4254502,4.759124673,0.007528266,2
0.114697092,0.016392577,0.602034218,0.123707544,0.093540944,0.030204556,0.01942307,0.253250204,1.147501369,25.49269767,191.7822725,6.039335513,0.009744821,2
0.186898725,0.018463598,0.614649572,0.102924395,0.017381312,0.037032254,0.022650145,-0.301528492,1.239936196,25.64685063,185.7571295,5.846468006,0.007575776,2
0.169080004,0.021740933,0.521088417,0.162079932,0.060794727,0.014470984,0.050745004,-0.382505691,1.089940217,25.44055835,188.1018581,6.259265716,0.009863628,2
0.103261933,0.028010424,0.29018623,0.538863924,0.013553766,0.019801307,0.006322417,-1.299019006,0.274323601,25.22809235,182.8488219,3.536705595,0.005688825,0
0.127352627,0.003622367,0.427614244,0.192629532,0.157491508,0.043775143,0.047514579,-0.169739491,0.52239831,25.13916936,203.6856975,7.219173131,0.012094558,2
0.047842113,0.005785024,0.516000173,0.357074009,0.004769242,0.03916339,0.029366049,0.108625218,1.235009063,25.47297324,171.5463376,4.496662148,0.005975714,2
0.019993498,0.007172335,0.681354122,0.095227241,0.143173125,0.024326082,0.028753597,1.310171916,1.540592947,25.47293767,188.5825025,5.766810594,0.01119123,2
0.2073876,0.013474476,0.38740833,0.221877315,0.080635962,0.049384687,0.03983163,-1.053169308,0.361798564,25.24614437,200.3569934,6.655950324,0.010288534,2
0.216977482,0.008116927,0.392817993,0.141780149,0.211161442,0.027724173,0.001421834,-0.942714431,-0.110921016,25.07310918,224.5122852,6.489068153,0.010754805,1
0.622481204,0.029665874,0.157477233,0.089843039,0.050334879,0.022474343,0.027723428,-4.626381654,-1.077737295,25.14607463,235.1954802,4.840088851,0.007146256,2
0.313752634,0.022886842,0.122494981,0.470901655,0.018677457,0.033856329,0.017430103,-3.095173681,-0.650380898,25.05261091,204.6224886,3.374217429,0.006320137,2
0.137888733,0.018571179,0.346467335,0.326161037,0.080261769,0.051161037,0.039488911,-0.8243039,0.342188972,25.18066103,195.1245252,6.011902106,0.010726841,1
0.156611653,0.003388286,0.463421684,0.096659813,0.190178834,0.053016327,0.036723403,-0.124946918,0.417203985,25.15251345,213.0766981,7.800556463,0.012766325,2
0.235088167,0.010049164,0.411002727,0.131650625,0.117033612,0.057003971,0.038171734,-0.995578961,0.270662864,25.22715068,209.1840146,7.368663841,0.011248067,2
0.09589669,0.012213292,0.033978624,0.738679847,0.05597797,0.032085017,0.031168559,-2.021743347,-0.54748706,24.79180157,190.6045679,2.397744029,0.007250714,0
0.251710365,0.01711277,0.515364772,0.117886968,0.023981492,0.046700576,0.027243057,-1.017432797,0.775261491,25.52350845,194.3156257,6.590231354,0.008288949,2
0.031625632,0.014024473,0.653653834,0.041832478,0.190745064,0.040895478,0.027223041,1.294245746,1.248630385,25.38191251,199.8231389,6.948563615,0.013838514,2
0.413404489,0.014847376,0.417941504,0.006647159,0.126333784,0.002316903,0.018508785,-2.20678014,-0.002613066,25.28924211,224.0039706,7.191411647,0.008482077,2
0.113868986,0.025683568,0.534690501,0.215937704,0.030647815,0.030408303,0.048763122,-0.068775325,1.245098815,25.49559493,179.7591903,5.638291603,0.009844184,2
0.518978242,0.013888016,0.167544764,0.209128332,0.03444553,0.034503501,0.021511615,-4.017428729,-0.883168457,25.13320878,224.0719352,4.62439928,0.006094544,2
0.164281364,0.028346746,0.245702615,0.473819247,0.02387528,0.039007574,0.024967174,-1.666143857,0.042250336,25.16432546,190.4197725,4.412145782,0.008112085,0
0.176886465,0.012899495,0.55731622,0.040158691,0.15024479,0.033572953,0.028921386,-0.067356321,0.79703667,25.35756355,206.5212136,7.427516482,0.011744297,2
0.179097619,0.005006471,0.453568158,0.199025036,0.07211894,0.043828946,0.04735483,-0.611007804,0.719610252,25.31866918,193.8456078,6.755629276,0.009742961,2
0.362139789,0.019534779,0.329897309,0.20062107,0.026585384,0.040919367,0.020302302,-2.461817584,-0.071321257,25.31884309,207.490627,5.95083909,0.007342169,2
0.073386253,0.014714563,0.34391611,0.338789052,0.144749946,0.047072223,0.037371853,-0.292236547,0.296646124,25.05633785,199.791796,6.104660204,0.012072965,1
0.115675347,0.013282977,0.417608318,0.220856604,0.168630636,0.030901209,0.033044908,-0.223611871,0.431858497,25.12783511,205.4584371,6.676530619,0.011973149,2
0.281250753,0.013277832,0.412487599,0.192803502,0.003368137,0.056268939,0.040543237,-1.579116734,0.481540599,25.4167746,194.264298,6.607569132,0.008142952,2
0.096009022,0.024169284,0.231233602,0.556489636,0.031155547,0.036539206,0.024403703,-1.315398478,0.106796836,25.10793869,185.3898189,3.962198856,0.007843282,0
0.061442956,0.014078819,0.486227973,0.175203907,0.196053321,0.038980503,0.028012521,0.446739097,0.636475011,25.16465804,205.4610949,6.921875883,0.013221859,2
0.390334734,0.011174702,0.142389277,0.224861258,0.185901816,0.043768272,0.001569941,-3.009975964,-1.245115687,24.84355067,240.7718553,3.743526304,0.009099504,0
0.76443208,0.017599174,0.149537403,0.00097085,0.022467548,0.027141434,0.01785151,-5.582676551,-1.359382661,25.20842892,244.0995155,4.305486429,0.00490112,0
0.226688074,0.008405518,0.300630632,0.1774252,0.219636242,0.044165832,0.023048502,-1.208167863,-0.377895024,24.93256764,227.3397132,6.563916522,0.011828852,1
0.350009081,0.028376837,0.405967012,0.071519785,0.064203482,0.048559754,0.031364049,-1.905550007,0.149029905,25.36505742,211.5836238,7.224498285,0.010317285,2
0.098407274,0.021597584,0.580422513,0.181198776,0.059725268,0.014825111,0.043823474,0.234169418,1.375523446,25.50206835,181.519218,5.487314248,0.00958888,2
0.415061532,0.013952784,0.283457987,0.138587891,0.063204139,0.055359496,0.030376171,-2.761471372,-0.391518441,25.20644706,218.8848904,6.440111202,0.008757845,2
0.205060741,0.003505517,0.460426992,0.119136982,0.128050944,0.044688389,0.039130436,-0.606463109,0.509643765,25.25424575,206.1663184,7.402871428,0.010895306,2
0.028825045,0.006597969,0.683813267,0.076146475,0.165367025,0.029959622,0.009290596,1.25428933,1.347069057,25.45687278,195.4203358,6.051191094,0.011090273,2
0.254403093,0.013892386,0.366303723,0.136133243,0.156490018,0.044849546,0.027927992,-1.260891353,-0.033599415,25.12634748,218.2498472,7.03301866,0.011351919,2
0.16171226,0.012267619,0.52121771,0.03876068,0.195738193,0.041267219,0.02903632,0.023994192,0.571978925,25.23759577,213.846613,7.824323651,0.013047814,2
0.178707553,0.0150872,0.385739779,0.327111166,0.046798227,0.023929545,0.022626532,-1.14175391,0.465603081,25.29632447,191.8227686,5.329943372,0.007235506,1
0.169080004,0.021740933,0.521088417,0.162079932,0.060794727,0.014470984,0.050745004,-0.382505691,1.089940217,25.44055835,188.1018581,6.259265716,0.009863628,2
0.177589199,0.026975799,0.425357384,0.25769317,0.024324496,0.036445425,0.051614528,-0.877534747,0.779662983,25.38289414,186.2099454,6.10448496,0.009865445,2
0.200270633,0.012735615,0.169446713,0.478007735,0.097772237,0.025870359,0.015896709,-2.034758559,-0.459267325,24.94585599,205.9539844,3.898758008,0.007833866,0
0.336719021,0.023758279,0.361880935,0.156577287,0.047680377,0.036925265,0.036458836,-2.058367216,0.135165702,25.317395,206.5342055,6.680918556,0.009145948,2
0.255096831,0.010335336,0.579443182,0.037733661,0.042557684,0.055028355,0.019804952,-0.727200143,0.871255578,25.57509153,197.9246991,6.992290026,0.008485079,2
0.721745019,0.027377142,0.146496631,0.034171363,0.022988089,0.032470263,0.014751495,-5.358939561,-1.333728186,25.20794883,241.6865267,4.12732163,0.005784346,0
0.070360406,0.014195424,0.521154029,0.220756849,0.064059458,0.058469087,0.051004746,0.316673225,1.131701715,25.39905637,183.2374278,6.248297728,0.011435394,2
0.163546276,0.014853163,0.428293751,0.208312651,0.104177224,0.04270051,0.038116425,-0.590039253,0.529518815,25.25325986,199.4561847,6.684654268,0.010955301,2
0.089275285,0.008778413,0.394700901,0.291627535,0.134718696,0.043375972,0.037523199,-0.206300714,0.476393657,25.13280701,198.1999256,6.332723427,0.01137296,1
0.441143345,0.038896027,0.312439896,0.059385764,0.02730957,0.084543557,0.036281841,-2.81996705,-0.324551934,25.3425798,218.0083509,7.114591354,0.010969313,2
0.0199625,0.014769755,0.766507145,0.097234543,0.051388279,0.012896572,0.037241206,1.39953347,2.126396252,25.72646519,170.6994891,3.707048182,0.008300626,2
0.581013341,0.004213218,0.100845456,0.182960053,0.064590326,0.038883253,0.027494353,-4.51289077,-1.262417317,25.00222915,234.8255304,4.028530113,0.006108935,1
0.009548304,0.015089652,0.108175539,0.750062034,0.055907831,0.021157162,0.040059478,-1.205465307,-0.060238666,24.86034545,180.1840922,3.017838655,0.007775701,0
0.219118513,0.013879323,0.414123463,0.185135999,0.12532258,0.002114393,0.040305729,-0.998438581,0.468809203,25.21295917,204.3525985,6.640809661,0.009796068,2
0.261814254,0.014486791,0.535163994,0.070864325,0.045990812,0.020886952,0.050792871,-0.878723147,0.989368351,25.49861441,193.8849778,6.98691804,0.008995014,2
0.047842113,0.005785024,0.516000173,0.357074009,0.004769242,0.03916339,0.029366049,0.108625218,1.235009063,25.47297324,171.5463376,4.496662148,0.005975714,2
0.229900623,0.022999347,0.463812621,0.150506044,0.044804853,0.035467127,0.052509385,-0.955621273,0.773646788,25.41125942,193.3545861,6.85493488,0.010260533,2
0.203191363,0.01358087,0.530868959,0.100925395,0.071799765,0.057384312,0.022249337,-0.528571966,0.738535792,25.45614754,198.9597875,6.89451837,0.009932786,2
0.270538501,0.020484723,0.360193207,0.223578884,0.053183401,0.026993765,0.045027519,-1.647716213,0.319028417,25.27604757,199.7066143,6.440719197,0.009168007,2
0.037250972,0.001795465,0.399147186,0.399092231,0.095308119,0.039915176,0.027490851,-0.052247569,0.636006674,25.17729466,187.3218169,5.280373173,0.008927273,1
0.114697092,0.016392577,0.602034218,0.123707544,0.093540944,0.030204556,0.01942307,0.253250204,1.147501369,25.49269767,191.7822725,6.039335513,0.009744821,2
0.063869785,0.014438253,0.477072217,0.321300401,0.054240051,0.016258385,0.052820907,0.046202327,1.161043042,25.34958542,177.8472914,5.256816651,0.009081928,2
0.086156584,0.004486203,0.135458079,0.615551969,0.075127928,0.060065951,0.023153286,-1.452313039,-0.368155866,24.88809451,194.3174123,3.587758653,0.008342165,0
0.085987709,0.014753648,0.458946467,0.224177596,0.137152717,0.043679157,0.035302707,0.068341097,0.672289348,25.22201441,197.9588258,6.578096856,0.012058116,2
0.146602881,0.012177601,0.583528349,0.035295279,0.166596089,0.027224235,0.028575565,0.245856489,0.917162325,25.35651707,205.6258181,7.331607974,0.012039352,2
0.371774345,0.014698229,0.422187549,0.016256125,0.115095326,0.039745966,0.02024246,-1.878807676,0.009455242,25.30160959,221.4119337,7.438821206,0.009788571,2
0.03409765,0.018009161,0.559836419,0.169389449,0.186361183,0.023278596,0.009027542,0.744216057,0.887568363,25.28239994,201.1326005,6.178432001,0.012074435,2
0.112908097,0.006207956,0.391282159,0.370520094,0.051058749,0.015180544,0.052842401,-0.593646776,0.803286725,25.24507566,182.3783072,5.451567739,0.007945092,1
0.127352627,0.003622367,0.427614244,0.192629532,0.157491508,0.043775143,0.047514579,-0.169739491,0.52239831,25.13916936,203.6856975,7.219173131,0.012094558,2
0.090871787,0.025778001,0.735281361,0.064394521,0.009635711,0.043201583,0.030837036,0.774798241,1.858262326,25.79315868,174.3137106,4.71518139,0.008960872,2
0.083836018,0.016640431,0.104688852,0.705470894,0.027263302,0.0292672,0.032833302,-1.747658892,-0.205443929,24.92853875,183.5871404,2.965868722,0.00683328,0
0.514814135,0.018799461,0.16434502,0.169964305,0.0826791,0.042740595,0.006657384,-3.922854099,-1.11885572,25.07255294,234.1922842,4.149202367,0.007312786,1
0.073386253,0.014714563,0.34391611,0.338789052,0.144749946,0.047072223,0.037371853,-0.292236547,0.296646124,25.05633785,199.791796,6.104660204,0.012072965,1
0.211796955,0.013914213,0.189692904,0.500920228,0.027670219,0.04260153,0.013403951,-2.19225155,-0.310034425,25.08572364,196.8065318,3.80660563,0.006303574,1
0.084321723,0.026645817,0.509007828,0.297702341,0.010348204,0.034115879,0.037858207,-0.107387293,1.186059157,25.49214978,175.5767614,4.988201523,0.008611427,2
0.047170426,0.014827007,0.481167872,0.304184571,0.080981878,0.015198937,0.056469308,0.251574948,1.164744201,25.30807536,180.3063376,5.509644391,0.010270873,2
0.098407274,0.021597584,0.580422513,0.181198776,0.059725268,0.014825111,0.043823474,0.234169418,1.375523446,25.50206835,181.519218,5.487314248,0.00958888,2
0.579441775,0.006826355,0.234621847,0.064595744,0.036849796,0.049142802,0.028521682,-4.004950702,-0.775217871,25.22160704,229.1181087,6.042628845,0.006604179,2
0.41022835,0.048272363,0.296616243,0.149280951,0.03039087,0.041587671,0.023623551,-2.876924029,-0.276867502,25.3254765,214.030383,6.000672592,0.009740274,2
0.031625632,0.014024473,0.653653834,0.041832478,0.190745064,0.040895478,0.027223041,1.294245746,1.248630385,25.38191251,199.8231389,6.948563615,0.013838514,2
0.148725148,0.016356413,0.490796022,0.111406433,0.189252533,0.029798762,0.013664689,-0.152685714,0.452212103,25.21808926,212.7953596,6.990475045,0.01202389,2
0.396647943,0.023133595,0.362785472,0.06493758,0.041390571,0.075582084,0.035522755,-2.325149112,-0.078933857,25.34947459,214.1979686,7.377989243,0.010219182,2
0.250904523,0.01627364,0.405775362,0.219523843,0.026748467,0.044829651,0.035944515,-1.418010992,0.463834804,25.36998334,195.1644735,6.335591613,0.008422683,2
0.143471211,0.015222854,0.280181726,0.39915285,0.093020469,0.040715978,0.028234911,-1.169986893,0.048604149,25.07771184,198.7270172,5.248885961,0.009604951,0
0.035539325,0.022528631,0.655980822,0.142980498,0.053425918,0.035626198,0.053918608,0.990279122,1.750684655,25.58830239,174.6463946,5.130778815,0.011263142,2
0.227721045,0.007200377,0.476143114,0.08778752,0.144023429,0.017976538,0.039147977,-0.697140156,0.562155706,25.26037665,208.500262,7.39249357,0.01059316,2
0.271028629,0.010617316,0.523973363,0.021777831,0.041560469,0.111732109,0.019310281,-0.910342559,0.483507729,25.51564627,204.8937579,7.80324421,0.010804644,2
0.096009022,0.024169284,0.231233602,0.556489636,0.031155547,0.036539206,0.024403703,-1.315398478,0.106796836,25.10793869,185.3898189,3.962198856,0.007843282,0
0.101305021,0.015229022,0.477735555,0.321603652,0.064178372,0.016422495,0.003525883,-0.377225847,0.779148661,25.37755042,187.8026562,4.794372171,0.006508268,1
0.171697812,0.028858627,0.439527386,0.180348734,0.096431243,0.043966049,0.039170148,-0.619250779,0.565164662,25.30243054,199.442305,6.773423726,0.011962435,2
0.316358977,0.014671466,0.313532342,0.205875294,0.104256902,0.034172737,0.011132281,-2.096262391,-0.261465333,25.16485949,216.6323425,5.790139536,0.008572118,1
0.04024438,0.014700158,0.520662046,0.246582303,0.138076249,0.003410383,0.036324483,0.492749176,1.087439868,25.28241618,189.608991,5.6824597,0.010672125,2
0.374139881,0.016759135,0.142410316,0.391186115,0.024288848,0.048509455,0.00270625,-3.373371193,-0.835652744,25.089308,213.0757986,3.330280168,0.005836591,2
0.327552709,0.013939985,0.399071285,0.080038038,0.120475058,0.02418327,0.034739657,-1.671564774,0.133619564,25.23883041,215.8668474,7.30554608,0.00997663,2
0.29914932,0.036719599,0.435644052,0.120785588,0.024842938,0.0353908,0.047467703,-1.567719054,0.565712271,25.44895551,197.7820189,6.939374968,0.010321345,2
0.223744039,0.012219722,0.527494894,0.053627052,0.105110068,0.04387579,0.033928434,-0.540588448,0.720793102,25.39756157,203.9680229,7.441060269,0.010848868,2
0.275762632,0.026981251,0.260049573,0.31538722,0.055501384,0.042367326,0.023950615,-2.15362637,-0.203978,25.1678794,205.713001,5.288372223,0.008991894,2
0.538842642,0.057533478,0.252545417,0.032530019,0.051436988,0.040289324,0.026822132,-3.736803593,-0.689295416,25.28704222,229.6192419,6.118222033,0.010316136,2
0.435214672,0.014360136,0.252786062,0.131956701,0.104074257,0.042862627,0.018745544,-2.973799823,-0.65933591,25.11765404,228.001066,5.832409218,0.008645495,2
0.01113381,0.012954912,0.692363621,0.007362021,0.206765897,0.022404583,0.047015156,1.66871603,1.549814757,25.38672774,196.4939814,6.816741653,0.014607803,2
0.065455112,0.006801228,0.518711124,0.079956876,0.260891771,0.045847883,0.022336006,0.742705652,0.529665188,25.10400837,216.920962,7.753283963,0.014287244,2
0.074850837,0.009019493,0.665893845,0.07556496,0.073620093,0.079043734,0.022007038,0.831595972,1.349383146,25.5859165,187.6081781,6.366485224,0.011056083,2
0.012531985,0.005810081,0.391536811,0.217836028,0.312511999,0.036597236,0.02317586,0.655576819,0.112244354,24.84245878,221.6311035,7.049199454,0.014500269,1
0.096816913,0.009624014,0.458052096,0.18732668,0.143214802,0.068333786,0.036631708,0.093546089,0.57013751,25.20898097,201.6723686,7.13110535,0.012792009,2
0.016605994,0.003104879,0.78537659,0.005711248,0.085924701,0.058913859,0.044362729,1.759128155,2.019004053,25.68101538,178.5317245,5.322498227,0.011590015,2
0.057851144,0.011734705,0.606098532,0.023935165,0.224418381,0.056048192,0.019913881,1.049793385,0.873378379,25.27991441,210.3323153,7.713290437,0.014496402,2
0.018579317,0.011040144,0.521952179,0.139341916,0.255232856,0.032278724,0.021574863,0.967919378,0.673708036,25.10810551,210.885374,7.151987337,0.01418572,2
0.250092239,0.013562989,0.486305785,0.073334855,0.066443748,0.102318653,0.007941731,-0.954318781,0.296160845,25.43337088,208.162971,7.287534924,0.010728639,2
0.028202834,0.005620912,0.538354015,0.188547867,0.154735871,0.063745666,0.020792836,0.769565287,0.855809937,25.2785475,197.3431399,6.608113568,0.012332391,2
0.031753155,0.002174748,0.375813498,0.230336039,0.305710427,0.043626599,0.010585533,0.420650914,-0.052204395,24.84079132,224.1146444,6.675641708,0.013757693,1
0.006532084,0.002526126,0.427887019,0.234258556,0.284229827,0.035028215,0.009538174,0.691330105,0.238319746,24.93343712,216.9580038,6.619762365,0.013450678,1
0.080096969,0.016953376,0.607875225,0.073985247,0.135676726,0.062777574,0.022634883,0.696208798,1.046214138,25.42887869,198.1237655,6.965792522,0.012883448,2
0.112193839,0.007821875,0.338217393,0.17618427,0.305996099,0.051256735,0.008329789,-0.195009266,-0.363287256,24.82620723,233.0117547,6.659685225,0.013589218,1
0.134022069,0.001811092,0.474088212,0.114323308,0.192829875,0.068686765,0.014238679,-0.010698727,0.306994523,25.16831859,214.8742369,7.39607188,0.012428926,2
0.313592956,0.015157919,0.458409203,0.017104626,0.061948125,0.102916198,0.030870973,-1.337832626,0.23225555,25.41159358,211.2970247,8.057506183,0.0115447,2
0.15891047,0.013198264,0.499084112,0.160936404,0.045191299,0.092807293,0.029872158,-0.35463871,0.714071411,25.43985037,193.3117345,6.89983553,0.010963974,2
0.011192968,0.006622054,0.498588373,0.208470592,0.179311795,0.057705776,0.038108443,0.842713799,0.815409176,25.17539368,198.26465,6.908465518,0.013562293,2
0.012776568,0.014406435,0.769286978,0.048275397,0.029662717,0.106534126,0.019057779,1.537774515,1.806483443,25.78024036,176.2675866,5.367510792,0.011351377,2
0.098502848,0.014780546,0.531657144,0.046045155,0.251058939,0.038021494,0.019933874,0.537354882,0.541907228,25.15812938,218.0148257,7.767944117,0.014222517,2
0.204901129,0.010057495,0.260482018,0.399296641,0.061368841,0.040643726,0.02325015,-1.716429691,-0.077683963,25.11324423,199.4499,4.976101772,0.007773651,1
0.109461809,0.013468455,0.738839675,0.02901677,0.04390064,0.033549402,0.03176325,0.774277475,1.79562942,25.73197883,180.0681981,5.236073283,0.008735881,2
0.040392528,0.016721698,0.035211585,0.618133143,0.225633392,0.038746528,0.025161125,-1.221291355,-0.912021783,24.53330326,215.2092897,2.858945858,0.011859331,0
0.099009905,0.017280512,0.496240867,0.252762497,0.065740764,0.042505923,0.026459532,-0.108573626,0.89525186,25.39050059,187.651058,5.753253091,0.009559398,2
0.247377754,0.010863842,0.156043124,0.353813074,0.182844784,0.032523888,0.016533534,-2.093320713,-0.810502481,24.81243024,224.8711436,4.343983028,0.009921699,0
0.209078867,0.025541039,0.111217898,0.539143907,0.067350295,0.027355182,0.020312811,-2.401654264,-0.58066713,24.93514088,202.8294341,3.258187154,0.008032352,0
0.024949964,0.020368594,0.64811324,0.192387166,0.085120349,0.019490388,0.009570301,0.857774332,1.455700163,25.54911143,182.0145123,4.69272079,0.008683117,2
0.313226309,0.011257274,0.261773267,0.261616562,0.101561389,0.032233691,0.018331509,-2.265810929,-0.370665794,25.09104143,215.5733165,5.450535516,0.008313908,1
0.049414553,0.014533705,0.128593884,0.638257514,0.088658678,0.051190322,0.029351345,-1.231969261,-0.299034698,24.85831718,192.5088398,3.593741392,0.009548045,0
0.423354947,0.00183877,0.137770944,0.32879092,0.081720524,0.017294507,0.00922939,-3.541775372,-0.936233128,24.9824779,222.9717311,3.613797157,0.005290855,2
0.149989207,0.017179429,0.431817917,0.168537799,0.188446134,0.029968403,0.014061111,-0.403800983,0.25742127,25.14402017,213.6157898,6.661276075,0.011848467,1
0.190531669,0.01370406,0.507165509,0.181990648,0.058968509,0.041769926,0.005869679,-0.709145838,0.664868193,25.44923317,196.3362226,5.964135283,0.007749671,2
0.21145474,0.014378083,0.224264063,0.406349204,0.095603865,0.01659915,0.031350895,-1.829972157,-0.173408852,25.01599041,203.5613581,4.914874503,0.008462441,0
0.232185701,0.024271545,0.311052685,0.206615077,0.177764046,0.037280007,0.010830938,-1.411048317,-0.312023754,25.04101489,222.1551855,5.953899909,0.011427479,1
0.020096753,0.013681686,0.353110246,0.448430069,0.104852762,0.014400849,0.045427634,-0.104866471,0.66867536,25.10249924,184.63042,5.091806207,0.009998094,1
0.081470818,0.01547548,0.39925466,0.267785799,0.192109554,0.022875932,0.021027757,-0.114403011,0.328382079,25.06819213,207.189852,6.17266908,0.011921973,1
0.011096065,0.023944585,0.459304415,0.384112546,0.075805904,0.030582544,0.015153942,0.184136628,0.873379465,25.31659847,182.4530019,4.669455879,0.009200581,1
0.031568673,0.021391577,0.100600874,0.71221422,0.058213768,0.050286538,0.02572435,-1.359447194,-0.308563677,24.8746125,186.8864713,2.917859918,0.008895028,0
0.367370671,0.017172561,0.259523817,0.183829827,0.12923386,0.016403746,0.026465518,-2.513797917,-0.449804432,25.06526128,223.1382754,5.905144628,0.009103656,2
0.125202942,0.011229417,0.156358619,0.443375256,0.211476837,0.044465926,0.007891003,-1.316148055,-0.745555988,24.74016795,220.6556363,3.970895052,0.011035348,0
0.304628346,0.018477655,0.067123613,0.477757631,0.104080191,0.019558,0.008374564,-3.098351875,-1.031482623,24.84717646,218.2179183,2.468453314,0.007267795,0
0.245750691,0.018237968,0.282590818,0.303501085,0.089470644,0.035069885,0.025378909,-1.791635147,-0.12119703,25.1225239,207.1576846,5.571442223,0.009190326,1
0.162885788,0.008024004,0.24738552,0.331463259,0.215821915,0.019511881,0.014907632,-1.171600705,-0.402163436,24.85177665,220.4483346,5.230776667,0.010685115,0
0.207090094,0.013999723,0.430332503,0.177067412,0.111850934,0.054304842,0.005354491,-0.939088,0.210140915,25.27700026,208.8083719,6.370396676,0.009889221,2
0.060256744,0.017341539,0.573855116,0.077410838,0.21299068,0.032024676,0.026120407,0.833711221,0.896868006,25.25814519,206.6944899,7.229247486,0.013914612,2
0.083376279,0.01329779,0.252186958,0.580295844,0.024460548,0.041395135,0.004987447,-1.246244037,0.091968116,25.13725884,184.6764488,3.492322096,0.00569175,0
0.042738619,0.012855028,0.637487478,0.212803172,0.03679586,0.033518507,0.023801336,0.683107547,1.550492259,25.59471511,175.1322346,4.611220274,0.007588306,2
0.496119969,0.017591292,0.280455897,0.060764132,0.119668296,0.011786437,0.013613977,-3.272445515,-0.652213636,25.15332341,233.6250323,5.960393969,0.007888283,2
0.091505377,0.017732436,0.234491163,0.458840544,0.155936061,0.016362274,0.025132144,-0.954882433,-0.106288037,24.91154163,203.5270514,4.730662782,0.010413474,0
0.039911,0.050822,0.54964,0.075741,0.192768,0.055146,0.035972,0.86449149,0.87039509,25.2975177,204.543063,7.419694705,0.016878661,2
0.184747,0.293067,0.193663,0.196891,0.046029,0.075436,0.010167,-2.18423587,-0.57137083,25.4791864,214.496161,4.150767439,0.022845181,2
0.291698,0.069758,0.322554,0.152531,0.090175,0.072175,0.001109,-1.96657208,-0.36010272,25.2827562,218.998466,5.775808062,0.013201898,2
0.322918,0.05699,0.046613,0.445604,0.031806,0.086247,0.009823,-3.362196568,-1.175904854,24.997979,215.6513153,2.376074593,0.010506827,2
0.07732,0.060299,0.26266,0.447813,0.084925,0.032381,0.034603,-0.92012211,0.167286533,25.11019099,192.6411864,4.822445901,0.012948317,2
0.121264,0.108897,0.376037,0.138959,0.169376,0.070011,0.015455,-0.509073979,0.003399503,25.23223733,216.5647336,6.58124956,0.018162368,2
0.261622,0.46956,0.125845,0.078467,0.005101,0.054401,0.005005,-3.283919826,-0.903155087,25.74120976,223.02523,2.890307578,0.023393739,2
0.289075,0.175652,0.365569,0.072267,0.063759,0.03195,0.001727,-2.057209797,-0.081834672,25.53196123,215.5513456,5.647186952,0.01834424,2
0.080498,0.115022,0.121678,0.558884,0.063926,0.055683,0.004309,-1.72392042,-0.5374745,25.0619577,199.181484,2.680411081,0.01517147,2
0.057616,0.2784,0.351306,0.14642,0.099469,0.064446,0.002344,-0.696823913,0.048651321,25.54741655,208.9493141,5.194129505,0.024701062,2
0.208567,0.118116,0.184159,0.241121,0.141932,0.095328,0.010778,-1.851180089,-0.835858524,25.06931853,225.5711044,4.692932893,0.016790001,2
0.364554,0.04491,0.178217,0.268421,0.052722,0.073299,0.017877,-2.98089878,-0.7707231,25.125934,218.463634,4.681199958,0.010498409,2
0.058262,0.174358,0.592719,0.051265,0.076374,0.036138,0.010885,0.303218847,1.101548878,25.73207117,193.3025837,5.60312314,0.02131087,2
0.070105,0.077528,0.0817,0.492838,0.204416,0.059342,0.01407,-1.326532707,-0.923550464,24.73440163,219.6014596,3.159673906,0.015175858,2
0.082309,0.054142,0.647993,0.067511,0.057054,0.058386,0.032605,0.61998091,1.41687638,25.6489912,185.192359,6.041972888,0.013990666,2
0.051006,0.065805,0.349666,0.224738,0.242664,0.049487,0.016634,-0.0018604,-0.03980362,24.9995474,218.809166,6.358927596,0.016598675,2
0.207573,0.080264,0.436285,0.109973,0.075384,0.067612,0.022909,-0.97219589,0.34240266,25.4297782,205.416683,6.797292633,0.015170821,2
0.441213,0.108449,0.121509,0.199762,0.060999,0.060989,0.007077,-3.780961432,-1.18003182,25.16335403,230.6525843,3.436709992,0.013114695,2
0.275504,0.067528,0.083976,0.357434,0.137289,0.06472,0.013549,-2.67574586,-1.13920807,24.8855211,226.721586,3.234399132,0.012809702,2
0.10557,0.087457,0.400706,0.292793,0.055475,0.03387,0.024129,-0.67442206,0.56378372,25.3894714,190.867466,5.290293666,0.014278518,2
0.071384,0.098963,0.03438,0.646352,0.072703,0.070888,0.00533,-1.94590868,-0.86353947,24.90939,201.452072,1.737064774,0.014375042,2
0.08937,0.601351,0.085156,0.153553,0.036939,0.028543,0.005088,-2.56452282,-0.79876116,25.7839333,217.907068,1.953861351,0.022642738,2
0.654771,0.127109,0.101591,0.03595,0.028715,0.028704,0.023158,-5.211439073,-1.371055202,25.26506713,241.1273653,3.668157635,0.012091754,0
0.181074,0.168986,0.018531,0.405709,0.090114,0.13119,0.004396,-2.51760894,-1.38739186,25.0072019,223.107116,1.853517192,0.017812149,2
0.332104,0.301562,0.090422,0.174409,0.027889,0.061328,0.012286,-3.54640578,-1.08595562,25.4264505,225.04463,2.922839129,0.020732969,1
0.165397,0.234499,0.346496,0.077034,0.056254,0.101648,0.018672,-1.24630411,-0.0505088,25.566393,210.807031,6.23289542,0.02275416,2
0.073905,0.046779,0.253699,0.329549,0.252213,0.043643,0.000212,-0.57648241,-0.49123795,24.8480663,223.964165,4.94573632,0.014377288,2
0.054409,0.123409,0.454438,0.076115,0.205475,0.063367,0.022787,0.30831887,0.35279572,25.2766576,214.930431,7.211051224,0.020139719,2
0.076786,0.215064,0.011404,0.446443,0.135525,0.112614,0.002164,-1.91815248,-1.3146141,24.9671325,222.393052,1.595238959,0.019683498,2
0.034296,0.102613,0.238585,0.539321,0.035687,0.028093,0.021404,-1.031700002,0.195427245,25.21080561,184.042455,3.605692266,0.014110288,2
0.204017,0.076764,0.045826,0.56981,0.042811,0.052846,0.007926,-2.76098859,-0.90988111,24.9722374,205.212931,1.993774066,0.011391094,2
0.151811,0.039022,0.426046,0.155952,0.117738,0.102458,0.006973,-0.51705871,0.12919068,25.2873911,210.156231,6.792112347,0.013891441,2
0.584114,0.199064,0.07005,0.056166,0.021483,0.03848,0.030643,-4.96719464,-1.35716915,25.3181329,237.769804,3.449553218,0.015559385,0
0.120323,0.148747,0.150493,0.451462,0.085269,0.038745,0.00496,-1.847030447,-0.528918289,25.12785363,206.029952,3.129310933,0.017085237,2
0.077646,0.501814,0.148681,0.166117,0.038849,0.06464,0.002253,-2.05084256,-0.64209647,25.7161388,214.702334,2.9266858,0.024832375,2
0.151923,0.147859,0.238737,0.213672,0.201031,0.044216,0.002562,-1.32700115,-0.60375014,25.0790614,227.489301,4.830555046,0.018309631,2
0.048557,0.176991,0.29313,0.3574,0.077003,0.037201,0.009717,-0.878922499,0.111292241,25.34350854,197.0774111,4.295557795,0.019874223,2
0.300962,0.121995,0.113522,0.250296,0.053662,0.143639,0.015924,-2.78861276,-1.14410826,25.1451762,223.964506,3.991196482,0.016076904,2
0.320556,0.13623,0.247204,0.117541,0.038046,0.118514,0.02191,-2.445048705,-0.593561216,25.36351284,219.1969218,5.897527676,0.017202382,2
0.186862,0.413368,0.202649,0.062669,0.028815,0.094408,0.01123,-2.279090071,-0.624240666,25.6990337,219.2413638,4.39320702,0.023971639,2
0.21233,0.187874,0.246289,0.266454,0.025918,0.057346,0.003789,-2.15405202,-0.32010679,25.4302699,206.698268,4.283882993,0.018881164,2
0.462393,0.099122,0.241944,0.060517,0.105753,0.009942,0.020329,-3.33217287,-0.6864766,25.2320954,232.098971,5.571161314,0.013020034,0
0.191064,0.053198,0.454094,0.04195,0.141243,0.093385,0.025066,-0.50957962,0.22108343,25.3098728,215.278128,7.80735242,0.015603548,2
0.035624,0.060879,0.492321,0.305053,0.041919,0.022067,0.042136,0.151829782,1.185160955,25.45607026,176.964712,4.879513063,0.012538277,2
0.080341,0.417167,0.355138,0.039784,0.069706,0.036726,0.001138,-1.11570451,0.091144,25.809963,210.652599,4.835738004,0.027412192,2
0.204588,0.149347,0.461822,0.011528,0.10687,0.045041,0.020805,-0.895978634,0.373872446,25.51748088,211.7435813,6.940001413,0.01929094,2
0.067027,0.040797,0.600223,0.161526,0.05278,0.026514,0.051133,0.52192103,1.51123765,25.5543951,178.530515,5.425307609,0.012137885,2
0.166622,0.182939,0.466457,0.087156,0.054921,0.028106,0.013799,-0.9193187,0.57513404,25.6429389,200.600012,5.804996849,0.020166393,2
0.202068,0.08692,0.185586,0.378145,0.084317,0.055205,0.007758,-2.058791889,-0.556818797,25.10665271,210.7003377,4.004827306,0.013656046,2
0.111376,0.177746,0.064457,0.386738,0.198355,0.05671,0.004618,-1.80788778,-1.14573496,24.8891936,228.239556,2.47825316,0.018447672,2
0.459438,0.171115,0.262975,0.021486,0.027227,0.040405,0.017354,-3.4672653,-0.57341188,25.489159,225.023194,5.585216303,0.016603559,2
0.050865,0.252567,0.464227,0.055811,0.12602,0.03908,0.01143,-0.10923335,0.5178121,25.6056251,206.793357,5.972822556,0.024758465,2
0.04615,0.232459,0.449253,0.19457,0.046312,0.019918,0.011338,-0.40309724,0.73927111,25.6722834,190.707698,4.666330835,0.02312986,2
0.169557,0.049322,0.020714,0.551078,0.053041,0.156094,0.000194,-2.38519591,-1.30266249,24.8877098,212.476167,1.826864282,0.012544249,2
0.181114,0.17648,0.361954,0.194388,0.030928,0.044577,0.010558,-1.470660421,0.193978594,25.54132604,200.7876878,5.220975408,0.019084709,2
0.347567,0.046078,0.359084,0.065996,0.031384,0.121906,0.027985,-2.02937095,-0.1780112,25.3885199,214.105347,7.358316113,0.012932842,2
0.212647,0.089067,0.39614,0.091335,0.174221,0.021346,0.015243,-1.042914843,0.052465112,25.24403434,220.0651621,6.61313931,0.015701189,2
0.457912,0.361077,0.054673,0.06063,0.005977,0.043771,0.01596,-4.5703154,-1.33763796,25.5358996,234.203084,2.401293906,0.020061728,0
0.040799,0.060428,0.415902,0.161506,0.29078,0.013895,0.016689,0.385523986,0.194791855,24.9987606,221.6254816,6.763973197,0.016580746,2
0.363113,0.117292,0.396911,0.038085,0.030696,0.031191,0.022711,-2.291985872,0.127835428,25.54430544,211.1318031,6.558433171,0.014820583,2
0.247234,0.044173,0.205272,0.294378,0.113326,0.075981,0.019636,-2.00072024,-0.61263094,25.0331108,217.72155,5.119195033,0.01237722,2
0.034999,0.056175,0.753579,0.06023,0.03833,0.030601,0.026085,1.17002883,1.943975394,25.80433,174.7595228,4.227398008,0.012119624,2
0.045999,0.306846,0.273846,0.245634,0.074193,0.052398,0.001084,-1.08770241,-0.11299417,25.5233684,205.316233,4.134550899,0.025082227,2
0.116421,0.177994,0.317629,0.113248,0.129421,0.130185,0.015102,-0.75819079,-0.31126426,25.3246608,218.983959,6.438578719,0.021031537,2
0.740575,0.110844,0.031739,0.051331,0.029678,0.016683,0.01915,-6.02462059,-1.73810942,25.1753605,248.455315,2.100815633,0.009989286,0
0.062006,0.354561,0.00402,0.436243,0.028106,0.108972,0.006091,-2.307267477,-1.097547648,25.32075342,209.6184286,1.321423917,0.023343163,2
0.089778,0.386016,0.192687,0.161239,0.082618,0.080139,0.007522,-1.62993562,-0.574313874,25.53602494,217.4478104,4.024464328,0.024323349,2
0.090751,0.568967,0.225289,0.050147,0.027837,0.027557,0.009453,-1.96986549,-0.266709483,25.92887877,212.4166476,3.691646597,0.025706212,2
0.04712,0.229835,0.187659,0.278544,0.192457,0.059598,0.004786,-0.991681522,-0.643692024,25.11724822,222.6529437,4.107811909,0.021516153,2
0.174557,0.252405,0.335722,0.088981,0.124805,0.018706,0.004824,-1.43905057,-0.10616766,25.4791819,218.299661,5.325170696,0.022472893,2
0.312155,0.333274,0.182517,0.064572,0.009552,0.085315,0.012615,-3.07535259,-0.78948853,25.6174641,222.551479,4.314118753,0.02235835,2
